,left,bottom,right,top,발생건수,졸음쉼터수,휴게소수,사찰수,icjc수,다리수,주유소수,교통량,생태통로수,농지면적,철도존재유무,등고선수,고라니수,족제비수,고양이수,노루수,청설모수,오소리수,너구리수,멧돼지수,두더지수
0,140000,165000,145000,170000,1,0,0,0,2,0,1,9286,0,3291569.028,0,0,0,0,0,0,0,0,0,0,0
1,145000,165000,150000,170000,1,0,0,0,1,0,5,2065,0,2678574.075,0,5,3,0,0,0,0,0,3,0,0
2,150000,145000,155000,150000,0,0,0,0,5,9,4,10526,0,1997258.152,0,33,0,0,0,0,0,0,1,0,0
3,150000,150000,155000,155000,4,0,0,1,5,8,4,35473,0,4083429.208,0,50,4,0,0,0,0,1,2,0,1
4,150000,155000,155000,160000,4,0,0,1,0,4,1,0,0,5682190.268,0,76,0,1,0,0,0,0,1,0,0
5,150000,160000,155000,165000,0,2,0,3,0,1,1,23408,0,4261246.685,0,72,1,0,0,0,0,0,1,0,0
6,150000,165000,155000,170000,4,0,0,2,7,1,7,50231,0,3837717.468,0,30,5,0,0,0,0,0,3,0,1
7,150000,170000,155000,175000,6,0,3,1,4,2,2,9947,0,2075258.268,0,34,10,0,0,0,0,0,3,1,3
8,150000,175000,155000,180000,7,0,1,1,9,2,5,6366,0,2486876.418,0,23,8,0,0,0,0,1,1,1,2
9,150000,180000,155000,185000,6,0,1,0,0,1,3,5278,0,7637228.438,0,70,9,1,0,0,0,1,3,1,2
10,150000,185000,155000,190000,5,0,0,0,0,0,1,2511,0,12060730.99,0,77,4,0,0,0,0,0,2,2,2
11,150000,190000,155000,195000,3,0,0,0,0,3,3,3214,0,10284712.29,0,44,8,0,0,0,0,0,3,2,3
12,155000,140000,160000,145000,0,0,0,0,6,4,0,0,0,4099844.692,0,66,6,0,0,0,0,0,0,2,4
13,155000,170000,160000,175000,7,0,2,1,6,5,5,25862,2,4537744.419,0,33,0,0,0,0,0,0,0,0,0
14,155000,190000,160000,195000,4,1,0,1,0,0,1,12081,0,6994615.702,0,82,2,3,0,0,0,0,3,0,2
15,155000,195000,160000,200000,7,1,0,0,2,1,7,9815,1,5608544.241,0,32,2,0,0,0,0,0,0,0,0
16,155000,200000,160000,205000,7,0,0,1,3,0,0,5176,0,16747208.28,0,13,0,0,0,0,0,0,0,0,0
17,155000,345000,160000,350000,22,1,0,0,0,1,0,0,0,19368090.24,0,30,6,0,2,0,3,0,7,1,1
18,160000,170000,165000,175000,5,0,0,0,3,8,2,35772,5,11007706.55,0,45,2,0,0,0,1,0,1,0,0
19,160000,175000,165000,180000,3,0,0,0,0,4,1,3169,3,2790795.429,0,71,6,1,0,0,1,0,4,0,2
20,160000,200000,165000,205000,8,0,0,0,0,4,3,10172,0,11367486.94,0,20,0,0,0,0,0,0,0,0,0
21,160000,205000,165000,210000,7,1,0,0,0,0,1,14423,0,11158640.37,0,10,0,0,0,0,0,0,0,0,0
22,160000,295000,165000,300000,14,2,0,0,4,2,0,24521,0,26507932.13,1,45,48,1,0,0,7,0,8,1,3
23,160000,300000,165000,305000,23,2,0,0,2,5,4,1112,0,13804468.46,1,57,83,0,0,0,9,0,6,1,3
24,160000,305000,165000,310000,34,1,0,0,2,0,2,31443,0,8168971.442,1,36,18,0,0,0,1,1,5,24,1
25,160000,310000,165000,315000,30,0,0,0,1,0,7,2798,0,4387468.008,1,29,8,2,0,0,0,0,0,0,4
26,160000,315000,165000,320000,25,0,2,0,3,7,18,15906,0,2593133.195,1,26,24,0,0,0,0,1,4,3,1
27,160000,320000,165000,325000,20,0,2,0,0,1,2,36908,0,4132193.987,1,42,18,0,0,0,1,2,4,3,2
28,160000,325000,165000,330000,19,0,0,1,0,0,5,8259,0,4590052.607,1,34,10,0,2,0,0,0,6,1,1
29,160000,330000,165000,335000,17,1,0,0,4,2,2,11271,0,7976747.297,0,39,22,1,3,0,2,0,3,0,2
30,160000,335000,165000,340000,18,0,2,1,0,2,2,0,0,3106978.755,0,45,5,0,0,0,1,0,0,0,4
31,160000,340000,165000,345000,24,0,2,1,4,2,4,26213,0,9307255.716,0,36,5,0,0,0,0,1,0,0,4
32,160000,345000,165000,350000,24,1,0,1,0,3,2,0,0,7395372.801,0,38,10,0,0,0,0,1,0,2,3
33,160000,350000,165000,355000,32,1,0,2,0,10,2,28992,0,1460048.376,0,59,23,1,1,0,6,0,7,1,7
34,160000,355000,165000,360000,49,0,2,2,4,6,2,10483,0,2260847.083,0,58,24,5,0,0,3,1,8,1,10
35,160000,360000,165000,365000,63,0,2,2,0,8,1,28662,1,2221955.736,0,51,10,0,0,0,2,0,4,0,6
36,160000,365000,165000,370000,67,1,0,1,4,13,6,15149,0,5908354.404,0,58,28,1,1,0,13,0,6,0,14
37,160000,370000,165000,375000,43,1,0,0,0,7,3,43950,0,5435249.598,0,62,24,1,1,0,3,0,2,0,13
38,165000,175000,170000,180000,2,0,0,0,0,1,0,25442,3,3546260.506,0,90,26,2,0,0,3,1,7,5,11
39,165000,205000,170000,210000,10,0,0,0,1,2,1,3123,0,17330094.33,0,36,5,0,0,0,0,0,0,0,0
40,165000,210000,170000,215000,18,0,0,0,3,0,1,34241,0,9348822.769,0,3,0,0,0,0,0,0,0,0,0
41,165000,215000,170000,220000,11,0,2,2,3,3,4,14447,4,15388452.42,0,46,0,0,0,0,0,0,0,0,0
42,165000,285000,170000,290000,16,0,0,1,0,0,2,29583,0,5371433.952,0,31,1,0,0,0,1,0,0,0,1
43,165000,290000,170000,295000,26,0,2,0,0,9,4,0,0,6527396.963,0,71,27,0,0,0,25,5,0,0,6
44,165000,295000,170000,300000,14,0,0,0,0,0,0,0,0,11609435.33,1,64,112,0,0,0,11,11,3,1,12
45,165000,365000,170000,370000,114,0,0,1,3,3,2,17494,0,5249489.996,0,56,29,0,1,0,3,0,5,0,17
46,165000,370000,170000,375000,105,1,0,1,3,7,3,18281,1,3606013.4,0,59,17,0,0,1,2,0,2,0,15
47,170000,175000,175000,180000,5,0,0,0,2,0,1,29248,0,2982841.941,0,14,7,1,0,0,2,0,2,2,3
48,170000,205000,175000,210000,3,0,0,1,0,0,0,12827,0,6752026.378,0,54,14,0,0,0,0,0,3,0,0
49,170000,210000,175000,215000,12,0,0,1,3,2,4,31732,0,8497265.966,0,24,2,1,0,0,0,0,0,0,1
50,170000,215000,175000,220000,9,0,2,1,3,0,10,17504,1,18004156.77,0,38,0,0,0,0,0,0,0,0,0
51,170000,220000,175000,225000,7,0,1,0,3,5,5,36171,0,19154586.72,0,8,0,0,0,0,0,0,0,0,0
52,170000,225000,175000,230000,8,0,0,0,0,0,1,25371,0,23519991.05,0,4,0,0,0,0,0,0,0,0,0
53,170000,230000,175000,235000,6,1,0,0,4,0,7,12671,0,39892345.92,0,2,0,0,0,0,0,0,0,0,0
54,170000,235000,175000,240000,5,0,0,0,0,0,1,0,0,36963538.3,0,19,0,0,0,0,0,0,0,0,0
55,170000,285000,175000,290000,18,0,0,1,4,2,7,21494,0,21265896.85,1,28,3,0,0,0,1,0,0,0,1
56,170000,360000,175000,365000,101,0,0,0,6,7,4,1698,0,10822779.37,0,17,10,0,1,1,0,0,2,0,7
57,170000,365000,175000,370000,101,0,0,0,0,11,2,5119,0,10602708.71,0,32,16,0,1,0,1,0,2,0,13
58,170000,370000,175000,375000,87,0,0,0,0,3,4,0,0,8033973.891,0,41,13,0,0,2,2,0,2,2,13
59,170000,375000,175000,380000,60,2,0,0,3,5,7,69908,0,4171888.415,0,35,10,3,4,0,1,0,3,0,10
60,170000,430000,175000,435000,3,0,0,0,0,11,13,0,0,0,1,11,1,0,0,0,0,0,1,0,1
61,170000,435000,175000,440000,3,0,0,0,8,6,38,177887,0,0,1,22,4,0,2,0,1,0,2,0,1
62,170000,445000,175000,450000,0,0,0,0,8,4,23,134571,2,0,0,51,1,0,0,0,0,0,0,0,0
63,170000,450000,175000,455000,0,0,0,1,4,9,15,35890,1,0,1,40,0,0,0,0,0,0,0,0,0
64,175000,175000,180000,180000,5,0,0,0,6,4,9,0,0,1236675.42,0,5,0,0,0,0,0,0,0,0,0
65,175000,180000,180000,185000,6,0,0,0,5,18,17,26254,4,0,0,22,0,0,0,0,0,0,0,0,0
66,175000,200000,180000,205000,4,0,0,0,0,3,2,0,0,8118456.946,0,56,4,0,0,0,0,0,3,0,1
67,175000,205000,180000,210000,1,2,0,1,3,2,0,0,0,4667108.842,0,71,3,0,0,0,0,0,2,0,2
68,175000,235000,180000,240000,5,0,0,1,0,1,3,2676,0,30293672.31,0,7,0,0,0,0,0,0,0,0,0
69,175000,240000,180000,245000,3,0,0,0,0,2,0,24105,0,52612601.59,0,2,0,0,0,0,0,0,0,0,0
70,175000,245000,180000,250000,1,0,0,2,6,0,11,8502,0,36930118.37,0,13,0,0,0,0,0,0,0,0,0
71,175000,280000,180000,285000,38,1,0,0,2,2,3,5532,0,13376843.47,0,17,7,0,0,0,1,0,1,0,4
72,175000,285000,180000,290000,47,2,0,0,1,1,2,32851,0,27530611.78,0,33,1,0,0,0,0,0,0,0,1
73,175000,290000,180000,295000,41,1,0,0,0,3,1,0,0,21685250.37,0,42,28,0,0,0,2,1,0,4,3
74,175000,295000,180000,300000,28,0,0,0,0,1,3,1085,0,25308450.61,0,38,52,0,0,1,7,15,0,5,8
75,175000,300000,180000,305000,38,0,0,0,0,4,1,716,0,23834887.29,0,57,63,1,0,0,1,6,4,1,6
76,175000,350000,180000,355000,53,0,0,0,1,6,8,37048,0,13121248.31,1,16,8,0,2,0,0,0,2,0,4
77,175000,355000,180000,360000,76,0,0,0,0,7,0,18317,0,24048233.2,0,0,3,0,1,0,0,0,2,0,3
78,175000,360000,180000,365000,81,0,0,0,0,0,3,0,0,21904516.22,0,1,4,0,1,0,0,0,2,0,3
79,175000,375000,180000,380000,59,2,0,0,2,4,4,83740,0,10083851.76,0,7,5,2,4,0,1,0,4,0,5
80,175000,380000,180000,385000,42,0,0,0,0,2,4,0,0,11442619.76,0,14,15,6,11,0,2,0,6,0,14
81,175000,410000,180000,415000,0,0,0,1,6,13,12,35850,2,6158621.031,0,19,1,3,1,0,0,0,1,0,1
82,175000,415000,180000,420000,0,0,0,0,0,3,2,0,0,2894148.659,0,0,2,0,0,0,0,0,0,0,0
83,175000,420000,180000,425000,0,0,0,0,0,25,3,0,0,0,0,11,0,0,0,0,0,0,0,0,0
84,175000,425000,180000,430000,0,0,0,0,5,38,20,0,1,0,1,15,0,0,1,0,1,0,0,0,0
85,175000,430000,180000,435000,4,0,0,0,12,5,12,135050,1,0,1,27,5,0,2,0,3,0,3,0,0
86,175000,435000,180000,440000,4,0,0,0,6,3,19,216657,0,0,1,35,8,0,2,0,3,0,7,0,1
87,175000,440000,180000,445000,1,0,0,0,9,2,20,491680,0,0,1,35,6,0,0,0,2,0,3,0,1
88,175000,445000,180000,450000,2,0,0,0,18,8,39,745643,1,0,0,9,0,0,0,0,0,0,0,0,0
89,175000,450000,180000,455000,1,0,0,1,3,11,12,407532,1,755985.7347,1,19,0,0,0,0,0,0,0,0,0
90,180000,180000,185000,185000,1,0,0,0,3,13,34,0,0,0,0,14,0,0,0,0,0,0,0,0,0
91,180000,185000,185000,190000,5,0,0,0,6,25,35,0,0,0,0,7,1,0,0,0,0,0,0,0,1
92,180000,190000,185000,195000,6,1,0,0,7,12,18,99165,0,11690945.5,0,5,2,0,0,0,0,0,2,0,2
93,180000,195000,185000,200000,8,0,0,0,4,1,6,48503,0,12158304.41,0,52,3,0,0,0,0,2,0,0,1
94,180000,200000,185000,205000,5,2,0,0,4,0,5,53851,0,3528811.96,0,57,6,0,0,0,1,2,3,0,2
95,180000,205000,185000,210000,7,2,2,0,0,4,2,46314,0,10914479.82,0,57,0,0,0,0,0,0,0,0,0
96,180000,210000,185000,215000,7,0,2,0,3,5,2,8306,0,13689233.17,0,68,3,0,0,0,0,0,2,1,0
97,180000,215000,185000,220000,5,0,0,0,2,2,3,41041,0,2896011.752,0,75,0,0,0,0,0,0,0,0,0
98,180000,220000,185000,225000,14,1,0,0,3,2,1,1509,1,7346378.178,0,47,0,0,0,0,0,0,0,0,0
99,180000,225000,185000,230000,17,1,0,1,0,3,3,45621,1,10582177.04,0,39,0,0,0,0,0,0,0,0,0
100,180000,230000,185000,235000,9,0,0,1,2,5,7,8271,0,35412721.95,0,49,0,0,0,0,0,0,0,0,0
101,180000,245000,185000,250000,2,0,0,0,1,0,2,7721,0,83604476.65,0,2,0,0,0,0,0,0,0,0,0
102,180000,250000,185000,255000,2,0,0,0,0,7,3,32432,0,32433266.11,0,1,0,0,0,0,0,0,2,0,1
103,180000,255000,185000,260000,3,0,0,0,0,3,2,15518,0,41030102.53,0,0,4,0,0,0,1,0,3,0,3
104,180000,265000,185000,270000,5,0,0,2,0,1,2,6957,0,36089693.16,0,2,5,2,0,0,0,0,3,0,3
105,180000,270000,185000,275000,9,0,1,2,2,6,6,30743,1,35427555.88,0,16,2,0,0,0,0,0,0,0,5
106,180000,275000,185000,280000,21,0,2,3,4,6,5,43769,1,11658160.3,0,40,3,0,1,0,0,0,0,0,3
107,180000,280000,185000,285000,39,0,1,0,2,2,3,25746,0,9286422.502,0,19,3,0,0,0,0,0,0,0,1
108,180000,300000,185000,305000,46,0,0,0,5,0,2,5778,0,22894996.77,0,17,35,1,1,0,1,2,1,0,5
109,180000,305000,185000,310000,67,0,2,0,1,2,3,15250,1,10787119.69,0,46,35,0,1,0,1,2,1,0,5
110,180000,345000,185000,350000,75,0,1,0,0,4,2,0,0,5090176.147,0,50,7,1,0,0,2,0,1,1,4
111,180000,350000,185000,355000,71,0,0,0,5,2,8,59387,0,20623699.64,1,28,7,0,0,0,0,0,4,0,3
112,180000,380000,185000,385000,27,0,1,0,4,2,3,103509,0,4552257.842,0,2,5,0,4,0,0,0,0,0,6
113,180000,400000,185000,405000,0,0,0,0,3,5,1,20285,0,6899668.937,0,12,0,3,1,0,0,0,2,0,0
114,180000,405000,185000,410000,0,0,0,0,0,11,4,0,0,4097176.922,0,13,2,1,0,0,0,0,3,0,1
115,180000,410000,185000,415000,0,0,0,0,0,4,14,79353,0,2208179.714,0,39,5,3,0,0,0,0,4,0,3
116,180000,425000,185000,430000,0,1,0,0,7,13,20,300918,1,0,1,40,1,0,0,0,2,0,0,0,1
117,180000,430000,185000,435000,2,0,0,0,6,8,11,27724,2,0,0,54,6,0,2,0,3,0,4,0,1
118,180000,435000,185000,440000,2,0,0,0,11,13,19,568063,1,0,0,45,9,0,3,0,3,0,6,0,1
119,180000,445000,185000,450000,1,0,0,0,8,8,31,136336,1,0,0,17,0,0,0,0,0,0,0,0,1
120,180000,450000,185000,455000,1,0,0,2,33,4,14,20699,0,0,1,6,0,0,0,0,0,0,0,0,0
121,185000,185000,190000,190000,5,0,0,0,14,13,24,154413,0,0,0,27,1,0,0,0,0,0,0,0,1
122,185000,190000,190000,195000,14,0,0,0,1,6,22,0,0,8299220.864,0,7,0,0,0,0,0,0,0,0,0
123,185000,195000,190000,200000,8,0,0,0,2,1,1,4328,0,8687095.951,0,46,5,0,0,0,1,4,0,0,2
124,185000,200000,190000,205000,1,0,0,1,0,0,0,0,0,1218236.558,0,75,10,0,0,0,1,6,1,0,5
125,185000,230000,190000,235000,20,0,2,3,4,6,23,49476,0,8653858.63,0,37,0,0,0,0,0,0,0,0,0
126,185000,235000,190000,240000,19,0,0,2,0,1,2,13673,1,18958114.47,0,14,0,0,0,0,0,0,0,0,0
127,185000,255000,190000,260000,3,0,0,2,3,2,16,6405,0,5756892.605,0,2,2,0,0,0,1,0,0,0,1
128,185000,260000,190000,265000,6,2,0,1,1,0,0,11902,0,16975109.36,0,2,3,0,0,0,1,0,0,0,2
129,185000,265000,190000,270000,5,0,0,1,0,4,3,55204,0,39260860.43,0,1,4,1,0,0,0,0,2,0,0
130,185000,270000,190000,275000,9,0,0,1,1,8,3,15652,0,57725278.99,0,23,2,0,0,0,0,0,1,0,1
131,185000,275000,190000,280000,7,0,1,2,0,2,6,34629,2,40816201.51,0,22,3,0,0,0,0,0,0,0,1
132,185000,305000,190000,310000,35,0,0,0,0,5,5,9231,0,7191842.81,0,19,2,0,0,0,0,0,0,0,0
133,185000,310000,190000,315000,57,1,0,0,6,11,4,22303,0,11358225.31,0,50,5,0,0,0,0,1,0,1,0
134,185000,315000,190000,320000,34,0,0,1,0,1,0,401,0,4933127.536,0,61,8,0,0,0,0,0,1,0,1
135,185000,340000,190000,345000,53,0,0,0,6,12,1,3821,0,10651757.14,0,58,8,0,0,0,2,1,1,0,2
136,185000,345000,190000,350000,75,0,2,0,0,4,4,9117,0,11683892.66,0,44,7,0,0,0,2,0,1,0,2
137,185000,380000,190000,385000,6,0,0,0,0,1,5,20074,0,6340870.782,0,5,7,1,5,0,0,0,0,0,5
138,185000,385000,190000,390000,24,0,0,1,5,1,11,177435,0,14143516.53,0,11,9,1,8,0,0,0,1,0,8
139,185000,390000,190000,395000,22,0,0,1,0,8,0,0,0,46083758.18,0,9,4,3,2,0,1,0,3,0,1
140,185000,395000,190000,400000,8,1,0,0,1,11,2,105581,0,39163805.64,0,22,4,1,1,0,2,0,2,0,2
141,185000,400000,190000,405000,10,0,2,0,3,2,15,28366,0,15724688.97,0,27,2,0,1,0,0,0,0,0,1
142,185000,405000,190000,410000,9,0,2,0,0,12,13,132260,0,10159638.72,0,27,0,0,0,0,0,0,0,0,0
143,185000,410000,190000,415000,8,0,0,1,4,6,19,55772,0,4807348.616,0,67,4,0,0,0,1,0,3,2,0
144,185000,415000,190000,420000,7,0,2,0,5,16,6,114243,0,9580024.904,0,14,6,1,0,0,3,1,2,1,3
145,185000,420000,190000,425000,4,0,0,1,1,20,19,233896,0,2848373.972,1,29,0,0,0,0,0,0,0,0,0
146,185000,425000,190000,430000,2,2,0,2,16,6,15,545871,0,0,0,71,2,0,1,0,1,0,1,0,1
147,185000,430000,190000,435000,2,0,2,0,17,7,21,660863,0,0,0,87,5,0,3,0,1,0,5,1,0
148,185000,435000,190000,440000,2,0,0,0,4,0,28,96631,3,0,0,52,8,0,3,0,0,0,6,0,0
149,185000,445000,190000,450000,0,0,0,2,17,22,39,0,1,0,0,11,0,0,0,0,0,0,0,0,0
150,185000,450000,190000,455000,0,0,0,0,14,11,21,264786,0,0,1,21,0,0,0,0,0,0,0,0,0
151,190000,185000,195000,190000,1,0,0,2,14,17,40,206748,0,0,0,31,0,0,0,0,0,0,0,0,0
152,190000,190000,195000,195000,8,2,0,0,0,1,7,0,0,3108978.904,0,46,9,0,0,0,0,0,0,0,0
153,190000,195000,195000,200000,7,2,0,0,2,1,2,23903,0,7957802.617,0,9,1,0,0,0,0,0,0,0,0
154,190000,235000,195000,240000,19,2,0,2,0,0,3,14541,1,30400128.77,0,14,0,0,0,0,0,0,0,0,0
155,190000,240000,195000,245000,12,1,0,1,4,2,3,16061,1,32681701.52,0,13,0,0,0,0,0,0,0,0,0
156,190000,315000,195000,320000,53,0,0,0,0,7,2,2489,0,12586762.46,0,67,3,0,0,0,0,0,0,0,0
157,190000,320000,195000,325000,23,0,0,0,0,1,1,10792,1,1519004.665,0,56,11,0,0,0,2,5,1,2,1
158,190000,340000,195000,345000,44,0,0,0,0,0,2,22226,0,3298674.178,0,100,10,0,0,0,2,4,0,0,3
159,190000,390000,195000,395000,18,0,0,1,6,1,5,59758,0,37681924.02,0,25,8,0,3,0,1,0,1,0,2
160,190000,395000,195000,400000,11,1,0,0,3,8,5,31075,0,21100825.95,0,19,1,0,1,0,0,0,0,0,0
161,190000,400000,195000,405000,10,0,2,0,5,30,15,80234,1,7416710.127,0,23,2,0,1,0,0,0,0,0,2
162,190000,410000,195000,415000,8,0,0,0,0,4,3,12044,1,2639416.22,1,63,5,2,0,0,1,0,1,2,1
163,190000,415000,195000,420000,7,0,2,0,7,14,3,224248,2,5398259.389,1,38,8,0,1,0,4,0,1,0,2
164,190000,420000,195000,425000,6,0,0,0,27,14,9,241282,1,1947933.126,1,44,2,0,0,0,0,0,0,0,0
165,190000,425000,195000,430000,4,0,0,1,9,4,6,286817,0,0,0,55,2,1,1,0,1,0,1,1,0
166,190000,430000,195000,435000,1,0,0,3,3,40,20,122689,0,0,0,83,3,1,2,0,1,0,3,0,0
167,190000,435000,195000,440000,1,0,0,7,24,6,10,190719,0,0,0,51,5,1,2,0,2,0,5,2,0
168,190000,440000,195000,445000,0,0,0,3,16,34,37,0,0,0,1,40,1,0,0,0,1,0,0,0,0
169,195000,190000,200000,195000,10,0,0,0,5,13,4,132227,0,8660023.618,0,30,0,0,0,0,0,0,0,0,0
170,195000,195000,200000,200000,13,1,0,0,6,5,2,51466,0,13466996.23,0,42,0,0,0,0,0,0,0,0,0
171,195000,200000,200000,205000,5,1,0,1,0,5,10,27018,0,9445051.304,0,34,0,0,0,0,0,0,0,0,0
172,195000,240000,200000,245000,11,0,0,1,0,0,0,54573,1,18790166.96,0,24,0,0,0,0,0,0,0,0,0
173,195000,245000,200000,250000,20,0,0,1,4,4,5,13881,0,31175282.76,0,5,0,0,0,0,0,0,0,0,0
174,195000,250000,200000,255000,18,0,0,1,2,4,1,40935,0,25720726.25,0,3,0,0,0,0,0,0,0,0,0
175,195000,315000,200000,320000,31,0,0,0,3,5,1,0,0,7797257.796,0,63,26,0,0,0,1,10,0,15,1
176,195000,320000,200000,325000,55,0,0,0,0,0,2,22677,0,6095060.928,0,60,13,0,0,1,3,5,2,5,2
177,195000,335000,200000,340000,69,0,0,0,0,3,3,32099,1,3930852.731,0,37,4,0,0,0,0,1,0,0,3
178,195000,340000,200000,345000,53,0,0,0,6,2,2,0,0,3271828.363,0,69,0,0,0,0,0,0,0,0,3
179,195000,390000,200000,395000,3,0,0,1,14,4,8,171953,0,55625539.17,1,12,2,0,1,0,0,0,0,0,0
180,195000,395000,200000,400000,3,0,0,0,6,9,2,6772,0,45704915.05,1,11,4,0,1,0,0,0,0,0,0
181,195000,400000,200000,405000,0,0,0,0,4,14,11,45311,0,17541827.43,1,29,2,0,0,0,0,0,1,0,1
182,195000,405000,200000,410000,0,0,0,0,6,18,11,110962,1,6977468.128,1,29,4,1,1,0,0,0,2,1,1
183,195000,410000,200000,415000,0,0,0,1,3,8,16,169274,1,1526870.018,1,26,1,0,1,0,1,0,0,2,0
184,195000,415000,200000,420000,0,0,0,0,7,6,25,183343,0,1803650.688,0,8,5,0,1,0,3,0,1,0,2
185,195000,420000,200000,425000,8,1,0,0,15,10,25,131010,1,1601815.261,1,22,2,0,1,0,0,0,0,0,0
186,195000,425000,200000,430000,11,1,0,1,24,24,23,138144,3,0,0,44,4,1,1,0,2,0,0,0,0
187,195000,430000,200000,435000,4,0,0,1,10,28,30,496055,1,0,0,42,4,2,2,0,3,0,0,0,1
188,195000,435000,200000,440000,0,0,0,4,6,3,3,0,0,0,0,65,6,1,3,0,4,0,6,4,1
189,195000,440000,200000,445000,0,0,0,7,6,1,21,0,0,0,1,52,3,0,1,0,2,0,1,0,0
190,200000,190000,205000,195000,8,2,0,0,4,9,2,29439,0,4938230.037,0,56,0,0,0,0,0,0,0,0,0
191,200000,195000,205000,200000,13,0,0,0,0,8,0,0,0,7470767.241,0,47,0,0,0,0,0,0,0,0,0
192,200000,200000,205000,205000,8,0,0,2,0,6,1,0,1,5952233.33,0,67,1,0,0,0,0,0,0,0,1
193,200000,250000,205000,255000,23,0,0,2,7,3,8,39543,0,8884304.7,0,66,0,0,0,0,0,0,0,0,0
194,200000,255000,205000,260000,18,1,2,0,6,8,5,103515,0,10239468.55,0,20,0,0,0,0,0,0,0,0,0
195,200000,260000,205000,265000,18,2,0,0,1,1,2,54244,0,15795198.19,0,3,0,0,0,0,0,0,0,0,0
196,200000,295000,205000,300000,0,0,0,1,0,9,4,33150,0,36388267.11,0,4,3,0,5,0,2,0,0,0,5
197,200000,300000,205000,305000,0,0,0,0,2,5,1,10935,0,19665229.39,0,19,8,0,3,0,3,0,1,1,2
198,200000,320000,205000,325000,37,0,0,0,0,12,2,2169,0,3563574.589,0,62,19,1,0,0,2,12,1,8,3
199,200000,325000,205000,330000,96,0,0,0,0,8,3,9584,1,6412110.884,0,64,18,4,0,3,0,11,4,9,2
200,200000,330000,205000,335000,122,0,0,0,2,10,3,31882,1,3927773.723,0,71,21,1,0,1,1,6,2,11,4
201,200000,335000,205000,340000,65,0,0,1,0,9,0,0,2,1262456.019,0,50,4,0,0,0,2,0,2,0,3
202,200000,390000,205000,395000,0,0,0,1,6,0,5,42939,0,37140109.25,1,3,1,0,1,0,0,0,0,0,0
203,200000,400000,205000,405000,0,0,0,0,1,6,8,20019,0,16512225.96,0,4,4,0,2,0,0,0,2,0,1
204,200000,405000,205000,410000,0,0,0,1,4,3,11,139841,0,2492924.458,0,42,2,2,1,0,0,0,1,0,1
205,200000,410000,205000,415000,0,0,0,2,5,21,16,138453,0,4968867.216,0,10,1,2,0,0,1,0,0,0,0
206,200000,420000,205000,425000,11,0,0,5,6,6,26,152636,8,0,1,40,0,0,0,0,0,0,0,0,0
207,200000,425000,205000,430000,10,0,0,1,1,0,0,0,0,0,0,49,0,0,0,0,0,0,0,0,0
208,200000,430000,205000,435000,19,1,0,1,2,13,5,182504,1,0,0,89,8,2,1,0,4,1,7,4,2
209,200000,435000,205000,440000,9,0,1,0,8,3,4,0,0,0,0,41,9,2,4,0,7,1,9,5,2
210,200000,440000,205000,445000,0,0,1,2,47,14,40,0,0,0,0,37,5,0,3,0,2,0,3,2,0
211,205000,195000,210000,200000,14,0,0,1,0,6,1,43301,0,4908481.401,0,76,0,0,0,0,0,0,0,0,0
212,205000,200000,210000,205000,5,0,0,1,0,1,1,0,0,8169132.334,0,67,0,0,0,0,0,0,0,0,0
213,205000,205000,210000,210000,9,0,2,2,0,0,0,10360,4,6940011.251,0,65,2,0,0,0,0,0,0,0,0
214,205000,260000,210000,265000,14,2,0,1,2,10,46,0,0,0,0,6,0,0,0,0,0,0,0,0,0
215,205000,265000,210000,270000,34,4,0,0,3,11,15,58216,0,16432246.54,0,4,8,1,0,0,0,0,1,0,0
216,205000,270000,210000,275000,30,3,0,0,4,6,2,90658,0,19214286.84,0,1,27,1,1,0,0,0,2,0,1
217,205000,275000,210000,280000,21,0,0,0,4,8,5,27694,2,12191079.68,0,34,51,0,2,1,3,1,7,8,4
218,205000,280000,210000,285000,23,0,2,3,4,14,4,66685,2,8228628.905,0,39,6,0,0,1,1,1,2,3,2
219,205000,285000,210000,290000,23,0,0,0,3,8,6,40712,1,37884121.38,0,14,0,0,0,0,0,0,0,0,0
220,205000,290000,210000,295000,19,0,0,1,2,0,10,66063,0,35056734.81,0,4,3,0,3,0,1,0,0,0,4
221,205000,295000,210000,300000,0,0,0,2,1,0,12,30599,0,31751204.44,0,11,5,0,6,0,4,0,0,0,6
222,205000,300000,210000,305000,0,0,0,0,2,5,12,18794,0,16057760.72,0,4,3,0,12,0,3,0,0,0,4
223,205000,305000,210000,310000,0,0,0,0,0,3,1,32657,0,16922197.27,0,8,8,0,5,0,2,0,1,1,5
224,205000,310000,210000,315000,0,0,0,0,4,6,1,1283,0,7970509.386,0,31,10,2,2,0,5,0,1,3,4
225,205000,315000,210000,320000,0,0,0,0,0,4,3,2230,0,13610137.34,0,55,13,0,4,0,4,1,2,6,4
226,205000,320000,210000,325000,0,0,0,0,3,2,2,41138,0,5353602.742,0,80,13,2,0,0,2,6,5,5,3
227,205000,325000,210000,330000,121,0,0,0,6,4,2,48384,0,5178977.877,0,57,9,4,0,0,1,4,4,4,2
228,205000,330000,210000,335000,148,0,0,0,4,3,2,100281,1,6156150.374,0,66,11,1,0,0,0,2,3,5,3
229,205000,335000,210000,340000,0,0,0,0,0,0,0,0,0,1465354.529,0,66,3,2,0,0,2,0,3,0,2
230,205000,340000,210000,345000,0,0,0,0,0,1,1,0,0,964387.3688,0,69,6,0,1,0,4,0,1,2,4
231,205000,345000,210000,350000,0,0,0,0,0,4,0,1369,0,2276353.194,0,68,4,0,0,0,1,1,0,1,2
232,205000,350000,210000,355000,0,0,0,0,0,4,1,5524,0,1715562.956,0,59,1,0,0,0,0,0,1,0,0
233,205000,360000,210000,365000,0,0,0,0,0,7,5,0,3,6608703.512,1,21,8,3,1,0,3,0,4,1,7
234,205000,365000,210000,370000,0,0,0,1,0,27,7,52222,5,148289.9988,1,36,12,2,3,0,1,0,7,0,10
235,205000,390000,210000,395000,9,0,0,0,5,6,22,103579,0,1341902.485,0,14,2,0,2,0,0,0,0,0,0
236,205000,400000,210000,405000,9,0,0,1,3,11,21,70432,0,6455199.731,0,35,7,2,2,0,1,0,3,0,5
237,205000,405000,210000,410000,8,2,0,0,4,19,8,437551,0,864793.517,0,23,2,2,3,0,0,0,1,0,2
238,205000,410000,210000,415000,9,0,1,0,12,16,19,108350,0,0,0,26,1,1,2,0,1,0,0,0,0
239,205000,415000,210000,420000,13,0,1,0,16,10,4,515759,5,0,0,27,0,0,1,0,0,0,0,0,0
240,205000,420000,210000,425000,10,0,1,0,8,13,4,295854,7,535106.0858,1,25,0,0,0,0,0,0,0,0,0
241,205000,425000,210000,430000,2,0,1,0,5,11,2,285398,0,0,1,35,2,0,0,0,1,0,0,0,0
242,205000,430000,210000,435000,19,0,0,0,28,8,6,247780,0,0,0,67,5,1,2,0,2,1,1,0,3
243,205000,435000,210000,440000,17,0,0,0,10,4,6,266388,0,0,0,58,9,1,5,0,2,1,6,2,5
244,205000,440000,210000,445000,0,0,0,2,27,12,20,0,0,0,1,23,5,0,2,0,2,0,4,1,1
245,205000,455000,210000,460000,0,0,0,2,18,37,23,0,0,0,1,38,0,0,0,0,0,0,0,0,0
246,205000,460000,210000,465000,0,0,0,5,4,24,10,87255,0,0,0,45,0,0,0,0,0,0,0,0,0
247,210000,195000,215000,200000,25,0,2,1,4,13,6,8658,0,7885032.385,0,59,0,0,0,0,0,0,0,0,0
248,210000,205000,215000,210000,16,0,2,2,6,1,6,16554,6,5579219.713,0,73,0,0,0,0,0,0,0,0,0
249,210000,265000,215000,270000,16,0,0,1,7,3,12,60548,0,11020564.16,0,1,11,0,1,0,0,0,1,0,0
250,210000,275000,215000,280000,20,0,0,1,3,1,3,25467,0,3521279.416,0,95,57,0,1,0,2,0,3,11,3
251,210000,285000,215000,290000,31,0,0,0,0,5,0,0,0,34982436.85,0,65,0,0,0,0,0,0,0,0,0
252,210000,290000,215000,295000,36,1,0,1,5,7,7,26537,0,38723711.8,0,33,7,0,4,0,2,0,0,0,2
253,210000,295000,215000,300000,15,1,0,1,0,0,1,5248,0,51082714.44,0,18,11,0,7,0,4,0,0,0,7
254,210000,330000,215000,335000,127,0,2,1,5,8,12,59995,1,7890843.975,0,61,6,1,0,0,0,1,0,3,3
255,210000,335000,215000,340000,68,0,0,1,0,1,1,14980,0,10375984.36,0,60,1,1,0,0,2,0,1,0,1
256,210000,340000,215000,345000,0,0,0,0,0,7,6,57964,0,5849349.099,0,118,1,0,2,0,2,0,2,0,1
257,210000,345000,215000,350000,0,0,0,0,7,6,5,9514,0,2432019.937,0,102,3,0,1,0,1,0,1,1,1
258,210000,350000,215000,355000,0,0,0,0,0,14,1,3697,0,2597515.189,0,108,3,0,1,0,1,0,3,1,2
259,210000,355000,215000,360000,0,0,0,0,6,19,5,80383,0,6753838.398,1,41,4,0,2,0,0,0,3,0,1
260,210000,360000,215000,365000,20,0,1,0,3,15,12,0,4,6028602.433,1,43,2,0,2,0,2,0,1,0,1
261,210000,365000,215000,370000,35,0,1,1,7,61,48,0,6,0,0,25,2,0,1,0,0,0,0,0,0
262,210000,385000,215000,390000,17,1,1,0,5,6,5,48056,0,25808726.18,0,5,2,1,1,0,0,0,1,0,2
263,210000,390000,215000,395000,24,0,1,1,13,11,13,340472,0,2703865.619,0,45,10,0,3,0,6,0,1,0,8
264,210000,395000,215000,400000,15,1,1,1,0,3,5,136356,0,7828297.73,0,69,10,0,4,0,4,0,3,0,9
265,210000,400000,215000,405000,7,1,0,0,0,4,3,19435,0,8146191.905,0,52,9,2,3,0,0,1,1,0,9
266,210000,420000,215000,425000,35,1,0,1,2,0,0,142627,0,0,0,56,0,0,0,0,0,0,0,0,0
267,210000,430000,215000,435000,4,0,0,0,0,35,12,186983,1,0,0,80,3,0,2,0,1,0,0,0,2
268,210000,435000,215000,440000,1,0,0,3,17,20,18,153325,1,0,1,53,1,0,0,0,0,0,0,0,0
269,210000,440000,215000,445000,0,0,0,3,10,12,22,255113,0,0,1,25,1,0,1,0,0,0,1,0,0
270,210000,445000,215000,450000,0,0,0,0,14,16,30,0,1,0,0,20,0,0,0,0,0,0,0,0,0
271,210000,450000,215000,455000,0,1,0,1,37,11,13,598508,1,0,1,13,0,0,0,0,0,0,0,0,0
272,210000,455000,215000,460000,0,0,1,1,29,10,19,383744,1,0,0,31,0,0,0,0,0,0,0,0,0
273,210000,460000,215000,465000,0,0,0,0,43,53,12,87562,0,0,0,36,0,0,0,0,0,0,0,0,0
274,215000,190000,220000,195000,19,2,0,0,0,0,0,3383,0,4852763.474,0,53,0,0,0,0,0,0,0,0,0
275,215000,195000,220000,200000,16,0,0,0,0,0,1,27901,0,10796634.71,0,52,2,0,0,0,0,0,1,1,0
276,215000,205000,220000,210000,16,1,0,0,0,0,0,8859,0,15042166.74,0,37,2,0,0,0,0,0,3,0,0
277,215000,250000,220000,255000,5,0,0,2,4,3,7,18110,0,405779.8974,0,66,0,0,0,0,0,0,0,0,1
278,215000,255000,220000,260000,1,0,0,5,0,9,8,12912,0,0,0,66,0,0,0,0,0,0,0,0,0
279,215000,260000,220000,265000,19,0,0,2,4,4,5,43271,2,342006.3215,0,45,1,0,0,0,0,0,0,0,0
280,215000,265000,220000,270000,12,0,0,1,0,0,1,0,1,1206303.415,0,70,60,0,2,0,1,0,8,19,1
281,215000,295000,220000,300000,38,2,0,1,3,11,2,3599,0,4585172.705,0,36,6,0,1,0,3,0,0,1,1
282,215000,330000,220000,335000,117,0,2,1,6,8,4,44775,0,5569013.383,0,44,8,0,0,0,3,6,1,4,3
283,215000,360000,220000,365000,79,0,1,0,9,17,17,414622,0,7891608.78,0,63,5,1,0,0,1,0,2,0,1
284,215000,365000,220000,370000,52,0,1,0,0,12,5,0,1,1127138.356,0,59,8,0,0,0,2,1,1,0,0
285,215000,370000,220000,375000,25,0,1,2,1,4,11,19492,1,3593652.645,0,52,0,0,0,0,0,0,0,0,0
286,215000,375000,220000,380000,24,1,0,1,6,28,11,0,0,20819906.26,0,15,4,0,0,0,0,0,2,0,0
287,215000,380000,220000,385000,26,2,1,1,0,6,4,155385,0,25172172.51,0,12,4,0,0,0,0,0,2,0,0
288,215000,385000,220000,390000,25,0,0,0,0,11,10,54928,0,16715254.47,0,2,4,2,2,0,0,0,1,0,1
289,215000,390000,220000,395000,13,0,0,1,0,7,7,6584,0,14854241.66,0,26,15,2,8,0,4,0,4,0,14
290,215000,415000,220000,420000,47,0,0,1,7,10,10,133621,0,428249.9846,1,31,5,0,2,0,1,0,0,0,5
291,215000,420000,220000,425000,34,0,0,1,17,0,0,0,0,926278.478,1,44,2,0,0,0,0,1,0,0,1
292,215000,445000,220000,450000,25,0,1,1,17,22,14,610951,1,0,0,27,2,0,0,0,1,0,0,0,0
293,215000,450000,220000,455000,11,1,0,0,12,16,13,269669,1,0,1,9,0,0,0,0,0,0,0,0,0
294,220000,170000,225000,175000,5,0,2,0,4,6,2,8744,0,2576797.23,0,63,3,0,4,0,3,0,2,0,0
295,220000,175000,225000,180000,4,0,2,0,0,14,2,3497,0,5771159.193,0,50,5,1,2,0,1,0,3,0,1
296,220000,180000,225000,185000,4,0,0,0,4,3,2,25854,0,3982547.806,0,53,3,0,0,0,0,0,0,0,0
297,220000,185000,225000,190000,7,0,0,0,0,1,0,25285,0,3105469.923,0,55,1,0,0,0,0,0,0,3,1
298,220000,190000,225000,195000,5,0,0,0,4,2,2,26351,0,1264305.649,0,64,1,0,0,0,0,0,0,3,1
299,220000,205000,225000,210000,23,0,0,0,0,0,1,1065,1,19126791.66,0,57,19,0,0,0,0,0,2,2,4
300,220000,210000,225000,215000,25,0,0,0,0,3,0,3843,1,4120716.607,0,84,7,0,0,1,0,1,3,2,1
301,220000,240000,225000,245000,4,0,0,0,0,0,6,0,1,1362684.804,1,53,6,0,1,2,0,2,2,1,3
302,220000,245000,225000,250000,5,0,0,1,0,0,5,18683,0,148449.2618,0,67,45,0,0,2,0,2,7,19,7
303,220000,250000,225000,255000,5,0,0,2,0,0,1,0,0,0,0,70,46,1,0,0,0,0,14,38,10
304,220000,255000,225000,260000,1,0,0,0,0,1,0,0,0,0,0,110,10,0,0,0,0,0,4,16,3
305,220000,260000,225000,265000,11,0,0,1,5,6,6,18550,1,911648.0849,0,87,22,2,0,0,0,1,5,4,1
306,220000,295000,225000,300000,40,0,0,1,0,2,0,1877,0,212248.1903,0,80,14,1,0,0,5,2,3,3,7
307,220000,300000,225000,305000,26,0,2,3,0,0,3,34308,0,575590.8453,0,66,13,1,0,0,7,0,4,6,5
308,220000,305000,225000,310000,16,0,0,1,0,9,11,61034,0,126493.4706,0,52,12,1,0,0,5,3,1,8,7
309,220000,325000,225000,330000,139,1,0,1,2,14,1,0,0,1997139.148,0,42,11,1,2,0,3,6,1,4,5
310,220000,330000,225000,335000,102,0,0,1,0,27,4,47709,0,793265.3013,0,63,6,0,1,0,1,2,1,1,1
311,220000,355000,225000,360000,60,0,1,0,0,9,2,0,0,8443496.892,0,43,1,1,0,0,0,0,0,0,1
312,220000,360000,225000,365000,87,0,1,1,1,12,8,50415,4,12713710.87,0,31,0,0,0,0,0,0,0,0,0
313,220000,385000,225000,390000,13,0,2,0,2,18,13,24824,0,5692700.784,0,23,3,0,2,0,0,0,1,0,1
314,220000,415000,225000,420000,49,0,2,0,0,3,2,115501,1,595745.2122,0,47,9,1,1,0,1,1,0,0,6
315,220000,435000,225000,440000,74,4,0,1,5,27,12,66428,0,93571.06896,0,53,5,1,1,0,0,1,0,1,2
316,220000,440000,225000,445000,69,0,0,2,1,8,4,123023,0,0,0,76,7,1,0,0,1,0,1,0,4
317,220000,445000,225000,450000,28,0,0,0,1,22,1,16688,0,0,0,53,0,0,0,0,0,0,0,0,0
318,225000,170000,230000,175000,9,2,0,0,0,7,0,28533,0,2929275.188,0,66,0,0,0,0,0,0,0,0,0
319,225000,205000,230000,210000,39,0,0,0,1,3,2,14369,1,24055348.25,1,7,16,0,0,0,0,0,2,2,4
320,225000,210000,230000,215000,54,0,0,0,7,1,0,29207,0,15744258.93,1,47,1,0,0,0,0,1,0,0,1
321,225000,215000,230000,220000,25,0,0,0,4,0,0,0,0,1822203.567,0,48,4,0,0,0,0,1,0,0,2
322,225000,220000,230000,225000,11,0,0,0,0,0,0,0,0,7391818.682,1,59,3,0,0,0,0,0,0,0,1
323,225000,225000,230000,230000,18,0,2,1,3,3,4,15123,0,7258639.26,1,52,0,0,0,0,0,0,0,0,0
324,225000,230000,230000,235000,25,0,0,1,0,0,2,10510,0,5515174.616,1,79,0,0,0,0,0,0,0,0,0
325,225000,235000,230000,240000,18,0,0,1,5,12,6,35799,0,3845019.084,1,54,0,0,0,0,0,0,0,0,0
326,225000,240000,230000,245000,6,0,0,0,0,2,1,16714,0,2952229.847,1,66,2,0,0,0,0,0,2,0,1
327,225000,250000,230000,255000,1,0,0,0,0,0,0,0,0,1873576.138,0,59,69,1,1,0,0,0,10,42,10
328,225000,255000,230000,260000,1,0,0,0,0,0,0,10336,0,345944.5273,0,87,40,0,0,0,2,0,9,27,12
329,225000,305000,230000,310000,28,0,0,0,4,9,4,29690,0,0,0,68,10,0,0,0,2,3,0,5,5
330,225000,310000,230000,315000,37,1,0,0,13,16,9,71351,0,0,0,43,7,0,0,0,2,3,0,5,6
331,225000,315000,230000,320000,42,0,0,0,5,42,18,50362,0,0,0,56,4,0,0,0,3,2,0,0,3
332,225000,320000,230000,325000,91,1,0,0,7,26,3,26484,0,0,1,44,3,1,2,0,3,3,0,1,3
333,225000,325000,230000,330000,92,0,0,0,2,6,1,24830,0,3304362.188,0,46,10,1,3,0,5,3,0,3,7
334,225000,355000,230000,360000,51,0,0,0,0,4,1,0,0,10010719.3,0,55,1,0,0,0,0,0,0,0,1
335,225000,385000,230000,390000,13,0,2,0,0,17,2,31374,0,6897671.476,0,24,4,0,2,0,0,0,0,0,2
336,225000,415000,230000,420000,58,0,0,1,5,5,5,25979,0,0,0,50,9,1,1,0,3,2,3,2,6
337,225000,420000,230000,425000,79,2,0,1,0,16,3,0,0,0,0,59,15,0,2,1,5,7,1,7,9
338,225000,425000,230000,430000,88,2,0,0,7,21,8,137244,0,850455.662,1,55,10,0,5,0,2,6,1,7,5
339,225000,430000,230000,435000,62,0,0,0,9,15,4,53475,0,1222610.584,1,103,11,0,4,0,3,0,2,1,4
340,225000,435000,230000,440000,68,0,0,0,0,15,1,11627,0,1452928.427,0,58,3,0,2,0,1,1,0,0,0
341,230000,145000,235000,150000,0,1,0,2,2,8,6,15077,0,8501416.013,1,49,5,0,1,0,0,0,2,3,1
342,230000,165000,235000,170000,8,0,0,1,4,4,0,1816,0,1465478.65,0,55,1,0,0,0,0,0,0,0,1
343,230000,170000,235000,175000,9,0,0,0,0,2,0,824,0,1881169.44,0,61,0,0,0,0,0,0,0,0,0
344,230000,200000,235000,205000,15,0,0,0,0,2,0,1590,2,12999047.61,0,41,14,0,0,0,1,2,1,0,2
345,230000,205000,235000,210000,20,0,0,1,4,1,2,2627,2,11321887,0,32,9,0,0,0,1,0,3,0,1
346,230000,210000,235000,215000,47,0,0,6,0,12,13,14175,1,1051671.259,1,30,1,0,0,0,0,0,3,0,0
347,230000,215000,235000,220000,33,0,0,1,0,0,5,3816,1,3529590.702,1,30,0,0,0,0,0,0,0,0,0
348,230000,230000,235000,235000,24,0,0,1,0,0,0,1085,0,10514011.22,0,82,6,1,0,1,2,3,1,1,1
349,230000,235000,235000,240000,15,0,0,0,0,1,0,2536,0,3364109.347,0,89,6,1,0,3,2,3,0,2,2
350,230000,250000,235000,255000,3,2,0,1,0,3,1,10000,0,2027854.52,0,65,19,1,2,0,0,0,1,4,5
351,230000,305000,235000,310000,21,0,0,0,10,17,4,0,1,0,0,72,7,1,0,1,5,0,2,7,7
352,230000,310000,235000,315000,40,0,0,2,0,20,36,30464,1,0,0,35,0,0,0,0,1,0,0,0,0
353,230000,315000,235000,320000,36,0,0,1,0,31,27,0,0,0,1,16,0,0,0,0,0,0,0,0,0
354,230000,320000,235000,325000,51,3,0,0,7,11,9,53712,0,0,0,36,3,0,1,0,2,1,0,0,2
355,230000,345000,235000,350000,26,0,0,1,3,10,10,56368,0,14309322.07,0,13,5,0,2,0,1,0,0,0,2
356,230000,350000,235000,355000,38,0,1,0,3,14,5,28122,0,4212510.958,0,37,1,0,0,0,0,0,0,0,0
357,230000,355000,235000,360000,33,0,1,0,3,12,7,22579,0,3489974.553,0,33,0,0,0,0,0,0,0,0,0
358,230000,385000,235000,390000,7,0,0,0,0,7,0,0,0,2708318.154,0,62,3,0,1,0,2,0,0,0,3
359,230000,415000,235000,420000,117,0,2,0,6,18,8,110404,0,7543592.741,0,46,6,0,1,0,2,1,1,1,3
360,230000,420000,235000,425000,130,2,1,0,7,5,1,57746,0,15004778.58,0,66,8,1,2,0,2,1,0,1,2
361,230000,425000,235000,430000,98,2,0,0,0,11,12,58564,0,1053832.047,1,68,7,1,2,0,1,1,0,1,2
362,230000,430000,235000,435000,31,0,0,0,0,2,2,0,0,293741.4669,0,123,5,0,0,0,1,3,1,1,1
363,230000,455000,235000,460000,0,0,0,0,4,13,5,4567,0,983506.5356,0,60,0,0,0,0,0,0,0,0,0
364,235000,145000,240000,150000,0,1,0,0,0,7,4,22145,0,8235638.136,1,23,0,0,0,0,1,0,0,1,1
365,235000,150000,240000,155000,0,0,0,1,0,0,4,0,0,4168737.316,1,42,2,0,0,0,1,0,0,2,2
366,235000,165000,240000,170000,10,0,1,0,0,11,2,25146,0,691699.0492,0,78,5,0,0,0,1,2,2,3,5
367,235000,190000,240000,195000,12,0,0,0,2,0,0,0,1,3723957.135,0,59,0,0,0,0,0,0,0,0,0
368,235000,195000,240000,200000,12,0,0,2,2,1,2,7215,1,5892345.686,0,49,6,0,0,0,0,2,0,0,1
369,235000,200000,240000,205000,7,0,0,0,0,0,1,0,2,1999593.014,0,44,21,0,0,0,0,7,1,0,8
370,235000,210000,240000,215000,14,0,0,5,3,15,12,7823,2,4462608.842,1,42,7,0,0,0,3,0,4,0,0
371,235000,215000,240000,220000,20,0,0,0,1,5,2,9291,0,4190799.293,0,46,11,0,0,0,0,0,2,3,0
372,235000,250000,240000,255000,7,0,2,3,8,2,4,13757,1,1767038.77,0,114,12,1,1,0,0,0,12,1,3
373,235000,305000,240000,310000,24,1,0,0,1,23,0,29697,1,0,0,75,14,1,0,0,4,5,4,5,11
374,235000,315000,240000,320000,18,0,0,1,1,30,67,84437,0,0,0,18,0,0,0,0,0,0,0,0,0
375,235000,320000,240000,325000,42,1,1,0,3,20,22,143830,0,0,0,38,0,0,0,0,0,0,0,0,0
376,235000,325000,240000,330000,38,1,1,0,9,23,27,105772,0,833902.6669,0,30,0,0,0,0,0,0,0,0,0
377,235000,330000,240000,335000,23,0,2,0,0,18,6,52384,0,1286076.633,1,54,1,0,1,0,0,0,0,1,1
378,235000,335000,240000,340000,59,0,0,1,6,5,9,167923,0,1218240.82,0,67,5,0,2,0,1,0,0,2,5
379,235000,340000,240000,345000,79,0,0,1,4,3,9,130696,1,1503851.593,0,41,2,0,1,0,1,0,0,1,2
380,235000,345000,240000,350000,57,0,0,1,2,21,25,149674,2,0,0,21,0,0,1,0,0,0,0,0,0
381,235000,350000,240000,355000,48,0,0,0,3,8,3,19904,0,2343703.076,0,6,2,0,0,0,0,0,0,0,1
382,235000,355000,240000,360000,35,0,0,0,12,3,9,63459,4,7708881.874,0,33,0,0,0,0,0,0,0,0,1
383,235000,360000,240000,365000,17,0,0,0,0,0,2,5741,0,3449851.661,0,64,0,1,0,0,0,0,0,0,1
384,235000,380000,240000,385000,50,0,0,0,1,7,8,15162,1,5013361.821,0,31,0,0,0,0,0,0,0,0,0
385,235000,385000,240000,390000,34,0,0,0,0,2,9,6323,0,7178836.584,0,51,6,0,0,0,3,0,0,0,3
386,235000,395000,240000,400000,35,0,0,0,1,19,7,55493,0,13747033.62,0,32,18,0,0,0,1,6,0,10,13
387,235000,400000,240000,405000,47,0,0,0,0,9,5,15238,0,10078765.7,0,31,6,0,1,0,0,2,0,0,2
388,235000,405000,240000,410000,62,0,0,0,4,5,1,59313,0,10951872.19,0,37,3,1,1,0,1,1,1,3,2
389,235000,410000,240000,415000,108,2,1,0,1,15,4,22889,0,30039141.33,0,26,3,0,1,0,1,0,2,1,2
390,235000,415000,240000,420000,138,0,3,1,9,14,13,292180,0,9474658.645,1,29,6,1,2,0,1,0,3,1,2
391,235000,420000,240000,425000,63,0,0,1,0,16,16,61007,1,15299326.94,1,34,4,1,1,0,0,0,0,0,0
392,235000,430000,240000,435000,0,0,0,0,4,40,3,0,0,1627386.473,0,86,4,0,2,0,0,2,1,2,1
393,235000,445000,240000,450000,9,0,0,0,6,17,5,0,0,1075372.524,0,42,16,0,0,8,5,17,11,9,1
394,235000,455000,240000,460000,0,0,0,0,0,5,0,32460,2,185905.7759,0,57,0,0,0,0,0,0,0,0,0
395,235000,460000,240000,465000,0,1,0,0,0,4,0,0,3,0,0,61,0,0,0,0,0,0,0,0,0
396,240000,150000,245000,155000,0,0,0,0,0,8,4,25068,0,7917642.487,1,67,6,1,1,0,1,0,3,5,1
397,240000,155000,245000,160000,0,0,0,0,5,26,5,0,0,1407994.508,1,55,6,2,0,0,0,1,3,8,1
398,240000,165000,245000,170000,11,0,1,0,4,11,13,13055,0,557664.7904,1,61,0,0,0,0,0,0,0,3,1
399,240000,170000,245000,175000,10,0,0,0,0,2,3,0,0,0,1,77,0,0,0,0,0,0,0,0,0
400,240000,175000,245000,180000,4,0,0,0,0,11,1,662,0,718428.5462,1,70,0,0,0,0,0,0,0,0,0
401,240000,180000,245000,185000,10,0,2,0,4,6,4,0,0,1863302.739,1,50,6,0,1,0,0,0,0,0,0
402,240000,185000,245000,190000,10,0,1,1,0,4,3,12609,1,2731912.79,1,58,1,0,0,0,0,0,0,0,0
403,240000,190000,245000,195000,10,0,0,1,4,10,2,10066,3,12298506.75,0,20,0,0,0,0,0,0,0,0,0
404,240000,215000,245000,220000,19,0,0,1,1,0,0,16016,1,6528132.387,0,54,7,0,0,0,0,0,0,1,0
405,240000,220000,245000,225000,18,0,0,3,3,0,0,0,0,3547807.674,0,64,10,0,0,0,0,0,1,3,0
406,240000,250000,245000,255000,10,0,0,0,1,4,1,9873,1,1593774.477,0,69,11,1,0,0,0,0,3,1,0
407,240000,290000,245000,295000,54,0,2,1,0,5,0,31173,1,8348958.952,0,38,6,2,0,0,2,0,3,3,1
408,240000,295000,245000,300000,59,0,2,0,4,1,0,19197,1,2159761.905,0,72,7,2,0,0,5,0,4,5,3
409,240000,300000,245000,305000,36,0,0,0,3,3,0,51842,0,941340.7181,0,95,1,1,0,0,2,4,2,2,2
410,240000,305000,245000,310000,29,1,0,0,13,16,1,34238,0,0,0,95,9,0,0,0,0,4,0,0,5
411,240000,310000,245000,315000,32,0,0,2,4,17,19,38603,2,0,0,64,1,0,0,0,0,0,0,0,0
412,240000,315000,245000,320000,33,0,0,0,12,22,9,112873,3,0,0,42,1,0,1,0,0,0,0,0,3
413,240000,335000,245000,340000,118,0,0,1,1,4,2,32956,0,4372068.599,0,60,4,0,0,0,2,1,0,1,4
414,240000,340000,245000,345000,89,0,0,0,4,22,7,32202,1,1624944.402,0,43,3,0,1,0,1,0,0,1,3
415,240000,355000,245000,360000,31,2,0,0,1,27,2,144200,0,11195367.62,0,1,2,0,0,0,0,0,2,0,3
416,240000,360000,245000,365000,34,0,2,0,5,18,11,28440,1,14320566.01,0,38,2,1,0,0,0,0,3,0,2
417,240000,365000,245000,370000,30,0,0,0,0,0,0,0,0,4951565.126,0,91,0,1,0,0,0,0,0,0,0
418,240000,370000,245000,375000,43,2,0,2,5,1,7,79673,0,18271586.65,0,16,0,1,0,0,0,0,0,0,0
419,240000,375000,245000,380000,52,0,0,1,1,10,3,85331,0,13541142.02,0,15,1,0,0,0,0,0,0,0,1
420,240000,380000,245000,385000,63,0,0,0,6,4,5,83932,1,15088759.44,0,7,2,0,0,0,0,0,0,0,0
421,240000,385000,245000,390000,60,1,0,0,4,0,9,105424,0,11927760.91,0,6,0,0,0,0,0,0,0,0,0
422,240000,390000,245000,395000,46,0,2,0,3,1,6,0,0,7321552.597,0,40,10,0,0,0,2,5,0,2,6
423,240000,395000,245000,400000,49,2,0,0,3,16,4,45591,0,7877287.303,0,29,10,0,0,0,3,5,0,2,8
424,240000,415000,245000,420000,106,2,0,0,6,20,14,136165,0,20611092.43,1,13,10,2,3,0,1,0,4,1,2
425,240000,430000,245000,435000,8,0,0,1,0,18,0,5088,0,2881350.182,0,138,3,0,1,0,0,1,2,1,2
426,240000,435000,245000,440000,4,0,0,0,0,23,0,852,0,3264604.216,0,61,4,3,4,0,2,3,5,4,4
427,240000,440000,245000,445000,16,0,0,0,6,17,3,19610,0,4164325.299,1,46,3,0,2,0,1,1,0,2,1
428,240000,445000,245000,450000,12,0,0,1,0,19,5,40438,0,939013.6003,0,38,0,0,0,0,0,0,0,0,0
429,240000,460000,245000,465000,0,0,0,0,3,20,5,16925,1,735126.6267,0,87,0,0,0,0,0,0,0,0,0
430,245000,155000,250000,160000,2,0,0,0,1,15,7,2940,0,2039158.188,1,40,10,2,0,0,0,1,3,3,1
431,245000,160000,250000,165000,15,0,0,1,1,11,22,0,0,0,1,44,3,1,0,0,0,0,1,6,0
432,245000,165000,250000,170000,17,0,0,0,8,10,8,24401,0,563528.2216,0,46,3,0,0,0,0,0,1,5,0
433,245000,170000,250000,175000,3,0,0,1,0,5,0,0,0,0,0,52,0,0,0,0,0,0,0,0,0
434,245000,215000,250000,220000,15,0,0,0,0,2,2,736,3,10255426.2,0,42,5,2,2,0,1,0,1,0,2
435,245000,220000,250000,225000,15,0,0,0,0,4,1,6235,1,1166213.765,0,56,1,0,0,0,0,0,1,0,0
436,245000,245000,250000,250000,2,0,0,1,0,0,0,8083,0,348196.6812,0,60,4,0,0,0,0,0,0,0,0
437,245000,250000,250000,255000,5,0,0,0,0,7,2,3379,0,866173.3286,0,62,0,0,0,0,0,0,1,0,0
438,245000,280000,250000,285000,19,1,0,0,0,6,0,7844,0,4433683.298,0,48,0,0,0,0,0,0,0,0,0
439,245000,285000,250000,290000,32,1,0,0,2,3,4,24451,0,7098221.919,0,55,0,0,0,0,0,0,0,0,0
440,245000,290000,250000,295000,49,0,2,0,1,11,3,26273,0,6087600.159,0,50,5,1,0,0,2,3,2,2,2
441,245000,295000,250000,300000,61,0,2,0,0,1,0,0,0,1197177.827,0,66,9,4,0,0,7,2,3,5,5
442,245000,310000,250000,315000,40,2,0,1,1,0,1,64418,1,235542.8368,1,66,1,0,0,0,0,1,0,0,2
443,245000,315000,250000,320000,30,2,0,0,0,2,2,0,1,0,0,80,2,0,1,0,0,0,1,0,1
444,245000,330000,250000,335000,44,0,0,1,0,5,0,0,0,1000744.097,0,106,0,0,0,0,0,0,0,0,0
445,245000,335000,250000,340000,72,0,0,0,3,11,5,33542,0,9018037.064,0,47,0,0,0,0,0,0,0,0,0
446,245000,360000,250000,365000,18,0,0,0,2,4,1,39414,0,11376583.4,0,29,1,0,0,0,0,0,1,0,1
447,245000,365000,250000,370000,29,0,0,2,0,0,1,4895,0,8086153.296,0,84,0,0,0,0,0,0,0,0,0
448,245000,380000,250000,385000,5,0,0,0,7,1,3,11054,0,5388520.978,0,5,3,0,0,0,0,0,0,0,2
449,245000,415000,250000,420000,97,0,2,0,0,21,3,131009,0,20316044.71,1,10,4,0,0,0,0,0,1,0,1
450,245000,425000,250000,430000,14,2,0,0,0,9,2,0,0,14378530.05,0,23,6,0,1,0,0,0,4,0,0
451,245000,430000,250000,435000,10,0,0,1,8,8,4,17394,0,6814530.962,0,49,3,1,2,0,0,0,2,0,0
452,245000,460000,250000,465000,0,0,0,0,0,4,0,27686,0,395955.0718,0,58,0,0,0,0,0,0,0,0,0
453,245000,465000,250000,470000,0,0,0,0,0,3,0,0,0,0,0,57,0,0,0,0,0,0,0,0,0
454,250000,160000,255000,165000,17,0,0,1,7,11,16,79338,1,4462885.718,1,33,5,1,0,0,0,1,2,6,0
455,250000,165000,255000,170000,15,2,0,1,0,13,1,30848,1,3059244.388,0,68,6,5,0,0,8,6,1,3,5
456,250000,215000,255000,220000,5,0,2,0,0,1,2,7881,2,18554106.96,0,40,7,0,1,0,5,0,5,2,3
457,250000,220000,255000,225000,8,0,2,0,3,1,1,10749,2,11215021.78,0,55,1,0,0,0,2,0,2,0,1
458,250000,245000,255000,250000,29,0,0,1,6,3,3,19820,0,5477141.21,0,32,0,0,0,0,0,0,0,0,0
459,250000,250000,255000,255000,30,0,0,1,0,4,1,2421,1,1348190.57,0,59,0,0,0,0,0,0,0,0,0
460,250000,275000,255000,280000,20,0,0,0,0,9,1,1163,0,78769.11775,0,89,3,0,0,0,1,0,0,0,2
461,250000,280000,255000,285000,29,2,0,0,0,0,0,17964,0,757041.9288,0,72,2,3,0,0,2,0,2,2,1
462,250000,310000,255000,315000,52,0,2,2,4,4,14,13910,1,1209925.306,0,67,2,0,0,0,1,0,0,0,2
463,250000,330000,255000,335000,22,1,0,0,4,0,1,2398,2,1791916.256,0,161,0,0,0,0,0,0,0,0,0
464,250000,335000,255000,340000,12,0,0,0,0,0,1,1168,0,2569013.045,0,87,0,0,0,0,0,0,0,0,0
465,250000,380000,255000,385000,2,0,2,0,0,0,1,0,0,1690331.716,0,74,1,0,0,0,0,0,0,0,1
466,250000,385000,255000,390000,5,0,2,0,1,10,9,52887,1,4565407.709,0,53,2,0,0,0,0,0,0,0,1
467,250000,405000,255000,410000,12,1,0,1,0,2,5,0,0,16392301.02,0,25,3,0,0,0,3,3,1,4,2
468,250000,410000,255000,415000,79,1,2,1,4,12,2,57360,1,2417255.852,0,39,3,1,1,0,2,1,2,2,3
469,250000,415000,255000,420000,80,1,4,1,7,4,4,72399,0,1435238.163,0,29,4,1,1,0,0,0,1,0,2
470,250000,420000,255000,425000,17,0,2,0,5,11,6,33757,2,6740382.851,1,28,4,0,1,0,0,0,2,0,0
471,250000,425000,255000,430000,7,0,0,0,2,6,1,7841,2,10159084.81,0,15,4,0,2,0,0,0,2,0,0
472,250000,430000,255000,435000,0,0,0,0,4,15,3,12090,0,11169483.77,0,70,3,0,0,0,0,0,2,0,1
473,250000,465000,255000,470000,0,0,0,0,0,6,1,0,1,571471.9812,0,63,4,0,0,0,0,0,0,0,1
474,250000,470000,255000,475000,0,0,0,0,1,6,1,0,0,157575.7648,0,51,4,0,0,0,0,0,0,0,1
475,255000,160000,260000,165000,10,0,0,0,4,9,5,61739,0,0,1,64,6,3,0,0,0,2,0,8,1
476,255000,220000,260000,225000,8,0,0,0,0,2,1,0,0,9793901.262,0,54,4,0,1,0,5,2,6,2,4
477,255000,225000,260000,230000,7,0,0,0,0,2,0,10596,0,12272066.35,0,55,0,0,0,0,0,0,0,0,0
478,255000,240000,260000,245000,11,0,0,0,0,1,0,18355,0,1802760.24,0,64,4,1,1,0,1,1,3,2,2
479,255000,245000,260000,250000,28,0,0,1,1,1,0,0,1,1666429.639,0,60,5,4,3,0,1,1,2,2,4
480,255000,250000,260000,255000,37,0,0,1,0,5,1,16461,2,1194244.317,0,71,2,2,1,0,0,0,0,0,1
481,255000,255000,260000,260000,37,0,2,1,0,2,1,2344,0,3050675.572,0,55,0,0,0,0,0,0,0,0,1
482,255000,260000,260000,265000,20,0,0,1,2,6,2,3222,0,1806059.02,0,49,48,0,0,2,4,5,2,3,0
483,255000,265000,260000,270000,11,0,0,0,0,0,0,0,0,1406529.69,0,64,11,0,0,1,3,5,0,1,0
484,255000,270000,260000,275000,20,1,0,0,0,1,2,6109,0,209489.5186,0,67,20,0,0,0,3,2,0,0,0
485,255000,275000,260000,280000,25,0,0,2,3,9,6,17484,0,2006009.999,0,97,0,0,0,0,0,0,0,0,0
486,255000,305000,260000,310000,31,0,2,1,0,1,1,50974,0,3323659.548,0,69,2,0,0,0,2,0,0,1,3
487,255000,310000,260000,315000,34,0,1,0,0,0,0,0,0,777380.3085,0,68,1,0,0,0,1,0,0,0,1
488,255000,330000,260000,335000,26,0,0,0,0,0,2,31818,3,1858517.218,0,161,0,0,0,0,0,0,0,0,0
489,255000,385000,260000,390000,9,0,0,0,4,2,3,17555,1,2490257.728,0,58,1,0,0,0,0,0,0,0,0
490,255000,390000,260000,395000,7,0,0,0,2,0,1,5259,1,1311744.221,0,69,11,0,0,0,0,3,1,1,1
491,255000,400000,260000,405000,12,0,0,0,4,7,5,6205,0,23129866.2,0,34,2,0,0,0,2,0,0,0,0
492,255000,405000,260000,410000,23,1,0,0,0,11,4,0,0,21033357.27,0,30,23,0,3,2,3,6,2,9,3
493,255000,415000,260000,420000,33,0,0,0,4,17,10,13042,1,6028403.702,0,34,4,0,1,0,0,0,2,0,0
494,255000,430000,260000,435000,0,0,0,0,5,5,0,6482,0,10833378.97,0,88,4,0,0,0,0,0,0,0,0
495,255000,470000,260000,475000,0,0,0,0,2,0,0,24295,0,305026.4194,0,60,5,0,0,0,1,0,0,0,2
496,260000,160000,265000,165000,8,0,0,0,2,19,8,26363,0,0,1,69,8,3,0,0,0,1,1,5,2
497,260000,165000,265000,170000,8,0,0,0,1,14,3,36079,0,947841.1656,1,52,3,1,0,0,0,0,2,1,1
498,260000,225000,265000,230000,11,0,0,1,0,11,1,5918,1,3718357.734,0,58,0,0,0,0,0,0,0,0,0
499,260000,235000,265000,240000,2,2,0,0,0,5,1,3332,0,1023188.349,0,102,6,2,2,0,2,0,3,3,4
500,260000,240000,265000,245000,1,0,0,0,4,2,2,626,0,4172237.275,0,70,9,5,3,2,2,3,6,5,7
501,260000,265000,265000,270000,9,0,0,0,0,0,2,16117,0,457839.9832,0,132,3,0,0,0,0,0,0,1,0
502,260000,305000,265000,310000,9,0,1,1,1,0,1,1899,0,691795.4145,0,147,3,1,0,0,2,1,0,1,2
503,260000,325000,265000,330000,34,0,0,0,3,0,2,5758,2,2807606.148,0,85,0,0,0,0,0,0,0,0,0
504,260000,330000,265000,335000,33,0,0,0,0,8,5,2434,2,8704238.318,0,55,0,0,0,0,0,0,0,0,0
505,260000,385000,265000,390000,7,0,0,1,2,9,3,10682,1,5844450.752,0,45,0,0,0,0,0,0,0,0,0
506,260000,390000,265000,395000,32,0,0,0,1,2,1,0,3,5593507.613,0,57,6,0,0,0,0,3,1,2,0
507,260000,395000,265000,400000,29,1,0,0,0,0,0,43253,0,4237094.566,0,71,1,0,0,0,0,0,0,0,0
508,260000,400000,265000,405000,16,1,0,0,0,3,4,16411,0,2403219.903,0,61,2,0,0,0,0,0,1,0,1
509,260000,415000,265000,420000,21,2,0,0,0,16,0,0,0,5925857.272,0,41,7,0,0,0,0,0,3,0,1
510,260000,430000,265000,435000,0,0,0,0,0,11,0,3994,0,5685412.611,0,68,6,0,0,0,0,1,0,0,1
511,260000,470000,265000,475000,0,0,0,0,3,3,2,0,0,705098.53,0,71,3,1,0,0,1,0,1,1,1
512,265000,160000,270000,165000,7,0,2,0,4,7,24,5857,0,2074885.347,0,29,6,1,0,0,0,0,0,2,0
513,265000,165000,270000,170000,7,0,2,0,3,7,2,26041,0,5775673.146,1,41,7,0,1,0,0,0,2,0,1
514,265000,225000,270000,230000,12,0,2,1,6,3,8,30530,0,9308143.223,0,51,2,0,1,0,0,0,0,0,1
515,265000,230000,270000,235000,7,0,0,0,4,0,0,21654,0,1635396.152,0,108,4,1,3,0,2,0,2,1,3
516,265000,235000,270000,240000,4,1,0,0,0,0,0,19623,0,527087.8119,0,58,8,2,2,2,3,1,5,4,5
517,265000,305000,270000,310000,2,1,0,1,0,0,0,0,0,668723.7731,0,80,5,1,0,0,1,2,0,2,2
518,265000,325000,270000,330000,54,2,0,0,1,0,1,32971,1,14055059.2,0,49,0,0,0,0,0,0,0,0,0
519,265000,390000,270000,395000,43,1,0,0,3,3,2,7303,2,9704687.995,0,51,5,0,1,0,2,2,2,3,3
520,265000,415000,270000,420000,28,0,0,0,0,6,0,12327,0,4882024.892,0,76,5,0,0,0,1,0,1,1,2
521,265000,430000,270000,435000,0,0,0,0,4,18,0,1271,0,1923021.222,1,93,1,0,0,0,0,1,0,0,0
522,265000,465000,270000,470000,55,0,0,0,0,0,0,0,0,265897.1113,0,73,12,0,2,7,1,4,0,3,7
523,265000,470000,270000,475000,100,0,0,0,7,5,1,54803,0,210186.6941,0,74,2,0,2,0,1,0,1,1,0
524,265000,475000,270000,480000,95,0,1,0,0,7,1,25898,1,0,0,52,7,1,0,2,1,2,0,4,3
525,265000,480000,270000,485000,49,0,1,0,3,18,12,29333,2,36130.71211,0,35,5,1,2,0,1,0,1,0,0
526,270000,165000,275000,170000,6,0,2,0,3,8,6,42178,1,6183024.329,0,49,8,0,2,0,1,0,2,1,1
527,270000,220000,275000,225000,7,2,0,0,1,5,1,9668,0,10067239.58,0,56,29,4,4,0,2,8,8,6,12
528,270000,225000,275000,230000,8,2,0,0,2,5,5,33462,0,8229229.24,0,45,14,3,8,0,1,1,7,6,9
529,270000,230000,275000,235000,6,0,0,0,0,1,1,4752,0,5271263.608,0,91,14,1,5,0,2,1,6,6,8
530,270000,305000,275000,310000,23,0,0,0,3,0,3,48702,0,2791517.904,0,72,5,0,1,0,0,0,0,1,1
531,270000,325000,275000,330000,53,0,0,0,3,0,3,5918,0,15385990.23,0,46,0,0,0,0,0,0,0,0,0
532,270000,385000,275000,390000,9,1,0,0,0,16,6,72554,0,12321915.51,0,42,0,0,0,0,0,0,0,0,0
533,270000,390000,275000,395000,22,2,2,0,13,2,4,42846,0,2146678.358,0,63,6,0,1,0,1,0,2,1,6
534,270000,415000,275000,420000,22,0,0,0,0,5,0,3337,0,4754486.296,0,41,7,0,0,0,2,1,0,3,4
535,270000,420000,275000,425000,29,0,1,0,9,5,5,68361,0,6755602.99,0,33,8,2,0,1,1,1,6,0,8
536,270000,425000,275000,430000,15,0,0,0,0,6,7,29360,0,2966053.974,1,72,3,1,0,0,0,0,1,0,2
537,270000,430000,275000,435000,0,0,0,0,0,2,1,0,0,134133.2094,1,130,1,1,0,0,0,0,1,0,0
538,270000,465000,275000,470000,118,1,1,0,0,1,3,18924,0,407876.1243,0,59,37,2,2,3,5,8,6,0,6
539,270000,470000,275000,475000,102,0,0,0,1,2,1,20834,0,329698.3771,0,65,7,0,1,3,4,5,2,0,4
540,275000,165000,280000,170000,4,0,0,0,0,2,1,27945,1,4726908.308,0,53,5,0,1,0,0,0,1,1,2
541,275000,170000,280000,175000,3,0,0,1,0,9,2,0,0,5626944.905,0,57,3,0,0,0,0,0,3,0,1
542,275000,210000,280000,215000,7,0,0,3,4,4,4,26971,1,2119667.844,0,56,14,0,0,0,2,0,2,5,8
543,275000,215000,280000,220000,6,2,0,0,1,0,4,6585,0,1764539.277,0,63,14,1,1,0,3,0,5,4,6
544,275000,220000,280000,225000,4,0,0,0,3,5,1,27095,0,4170730.922,0,40,16,3,5,0,1,2,5,4,4
545,275000,225000,280000,230000,1,0,0,0,0,2,0,829,0,1415500.556,0,75,9,2,5,0,4,4,6,3,6
546,275000,230000,280000,235000,1,2,0,0,0,2,0,9134,0,1488312.905,0,113,12,1,5,2,6,6,6,6,7
547,275000,235000,280000,240000,0,1,0,0,0,0,0,0,0,3043075.227,0,55,12,0,4,1,2,3,6,7,8
548,275000,300000,280000,305000,25,0,0,0,0,1,1,32307,0,1391550.09,0,87,12,1,0,0,1,2,1,4,5
549,275000,305000,280000,310000,31,0,2,0,2,0,1,0,0,1969079.598,0,79,2,0,0,0,0,0,0,0,2
550,275000,325000,280000,330000,58,0,1,0,3,0,3,27065,1,2548087.135,0,82,0,0,0,0,0,0,0,0,0
551,275000,375000,280000,380000,7,0,0,0,0,4,1,1553,0,5049539.564,0,84,1,0,0,0,0,0,1,0,1
552,275000,380000,280000,385000,6,0,0,1,0,1,1,38772,0,787661.8736,0,82,1,0,1,0,0,0,0,0,1
553,275000,385000,280000,390000,8,1,0,0,4,14,7,47749,0,3225661.343,0,50,0,0,1,0,0,0,0,0,0
554,275000,390000,280000,395000,10,0,2,1,0,6,3,0,0,4170220.132,0,34,5,0,0,0,0,0,1,0,3
555,275000,395000,280000,400000,3,0,0,1,0,13,4,36897,0,4523186.476,0,38,5,0,2,0,0,1,1,1,2
556,275000,425000,280000,430000,136,0,1,0,1,29,12,50874,0,1029540.541,1,57,16,2,0,1,0,2,6,1,10
557,275000,430000,280000,435000,146,0,0,0,10,4,0,17184,0,3014481.853,0,85,4,2,0,0,0,0,2,0,3
558,275000,435000,280000,440000,53,0,0,0,0,10,0,0,0,3263410.62,0,92,0,0,0,0,0,0,0,0,0
559,275000,460000,280000,465000,99,0,0,0,4,6,4,22607,0,179641.3017,0,68,5,0,1,2,1,1,0,2,3
560,275000,465000,280000,470000,68,0,0,0,0,2,8,16305,0,575808.0308,0,39,22,2,1,3,5,6,3,1,3
561,275000,470000,280000,475000,4,1,0,0,0,2,0,0,1,782128.1068,0,58,10,2,0,3,4,3,2,0,4
562,280000,165000,285000,170000,4,0,0,0,0,4,0,1310,0,4826738.667,0,40,0,0,0,0,0,0,0,0,0
563,280000,170000,285000,175000,4,0,0,1,4,14,4,45779,0,7728057.399,0,51,0,0,0,0,0,0,0,0,0
564,280000,205000,285000,210000,10,0,2,1,0,3,2,8302,0,158790.7797,0,75,3,0,0,1,0,1,4,5,2
565,280000,210000,285000,215000,6,0,0,2,0,0,3,10331,0,3630461.463,0,57,13,0,0,1,1,2,6,11,9
566,280000,235000,285000,240000,0,1,0,0,0,2,1,0,0,3799998.251,0,40,12,2,2,0,1,11,8,7,4
567,280000,240000,285000,245000,0,0,0,1,5,9,16,9875,0,6373327.27,0,22,4,0,0,0,0,1,3,3,2
568,280000,300000,285000,305000,20,0,0,1,5,2,3,15088,0,3048318.702,0,82,12,1,4,0,1,3,3,4,5
569,280000,325000,285000,330000,68,0,1,0,0,2,1,1845,0,4130832.17,0,73,9,0,0,0,1,1,0,6,6
570,280000,370000,285000,375000,9,0,2,0,3,0,1,693,0,1356817.717,0,83,4,0,0,1,0,2,0,1,0
571,280000,375000,285000,380000,8,0,0,0,0,7,3,23020,0,2164243.079,0,103,2,0,0,0,0,0,2,0,1
572,280000,395000,285000,400000,3,0,1,1,4,30,12,41433,0,6818989.592,0,37,14,2,2,0,2,0,1,1,9
573,280000,420000,285000,425000,48,0,0,0,0,6,6,13097,0,2512914.427,0,57,13,2,0,0,1,2,3,2,7
574,280000,425000,285000,430000,146,2,0,1,6,11,34,57146,0,0,1,39,9,1,0,0,0,1,4,0,5
575,280000,430000,285000,435000,163,0,0,0,8,13,17,31046,0,649534.6721,0,67,0,0,0,0,0,0,0,0,0
576,280000,435000,285000,440000,100,0,2,0,5,3,3,0,0,2451852.04,0,67,3,0,0,0,0,0,2,0,0
577,280000,440000,285000,445000,76,0,0,0,0,2,0,14086,1,2665655.509,0,111,4,0,0,0,0,0,2,0,0
578,280000,455000,285000,460000,99,0,0,0,0,0,0,14870,0,1190925.755,0,54,0,0,0,0,0,0,0,0,0
579,280000,460000,285000,465000,64,0,0,0,0,1,1,0,0,4510554.113,0,49,1,0,0,0,0,0,0,0,0
580,280000,470000,285000,475000,3,2,0,0,1,5,6,14180,0,3640773.359,0,45,3,0,0,0,0,0,0,2,0
581,285000,170000,290000,175000,4,0,0,0,3,12,4,4399,0,4736992.092,0,70,0,0,0,0,0,0,0,0,0
582,285000,190000,290000,195000,3,0,0,0,0,2,0,0,0,265926.6145,0,68,3,0,0,0,0,0,3,0,1
583,285000,195000,290000,200000,5,0,0,0,3,5,2,9069,0,1762004.275,0,69,1,0,0,0,0,0,1,0,0
584,285000,200000,290000,205000,9,0,2,0,0,1,3,4768,0,4361323.3,0,68,0,0,0,0,0,0,0,0,0
585,285000,205000,290000,210000,7,0,2,0,0,0,1,0,0,1125403.962,0,60,4,1,0,3,0,4,0,6,6
586,285000,240000,290000,245000,0,0,0,0,0,0,0,3620,0,2933079.783,0,68,6,1,0,2,0,2,2,8,3
587,285000,245000,290000,250000,0,0,0,0,0,4,0,10679,1,5498979.129,0,75,4,3,0,1,1,3,3,4,1
588,285000,300000,290000,305000,13,2,2,0,0,0,2,34870,0,2109810.99,0,84,4,0,0,0,0,1,1,2,1
589,285000,325000,290000,330000,45,0,0,0,4,1,3,4456,0,3070737.229,0,94,18,2,0,0,4,5,0,10,12
590,285000,360000,290000,365000,7,0,0,0,7,12,3,6085,0,2005866.565,0,75,6,0,0,0,1,0,0,2,1
591,285000,365000,290000,370000,5,0,2,0,0,3,1,38465,0,815002.2333,0,86,11,0,0,1,1,1,0,2,2
592,285000,370000,290000,375000,3,0,2,0,0,26,5,1382,0,699952.5771,1,68,6,0,0,1,1,1,0,2,2
593,285000,395000,290000,400000,1,0,1,0,0,3,2,2593,0,1182788.807,1,77,19,2,2,0,1,0,1,1,10
594,285000,415000,290000,420000,45,0,0,0,0,0,0,0,1,0,0,61,0,1,0,2,1,2,0,1,0
595,285000,420000,290000,425000,64,0,0,1,0,7,3,33777,1,686900.6394,1,56,0,0,0,0,0,0,0,0,0
596,285000,430000,290000,435000,18,0,0,1,0,7,6,8829,0,1193736.031,0,75,0,0,0,0,0,0,0,0,0
597,285000,435000,290000,440000,54,2,0,1,0,3,4,32229,0,1104241.984,0,63,2,0,0,0,0,0,0,0,1
598,285000,440000,290000,445000,77,0,0,1,12,8,7,0,1,3823539.016,1,46,3,0,0,0,0,0,1,0,1
599,285000,445000,290000,450000,86,0,0,0,4,1,0,0,0,2616070.816,0,83,2,0,0,0,0,0,1,0,0
600,285000,450000,290000,455000,89,2,0,0,0,7,0,1401,0,2786644.774,0,70,3,0,0,0,0,1,1,0,0
601,285000,455000,290000,460000,54,0,0,0,0,8,0,0,0,1150680.098,0,77,2,0,0,0,2,0,1,0,1
602,285000,470000,290000,475000,1,0,2,0,2,2,0,3617,1,2532274.178,0,67,4,0,0,0,1,1,0,4,2
603,290000,170000,295000,175000,4,0,2,0,0,2,0,2487,0,2711888.338,0,37,3,1,0,0,0,0,2,2,1
604,290000,175000,295000,180000,5,0,2,0,4,7,2,36505,0,1621450.593,0,65,4,2,0,0,1,1,3,2,2
605,290000,185000,295000,190000,2,2,0,0,2,3,5,0,0,0,0,80,7,0,0,0,0,1,3,0,3
606,290000,190000,295000,195000,4,0,0,0,0,6,2,37082,0,1466404.57,0,81,2,0,0,0,0,0,2,0,0
607,290000,245000,295000,250000,0,0,2,1,4,10,2,10679,0,6997922.834,0,36,5,3,1,2,2,1,2,4,2
608,290000,290000,295000,295000,2,0,0,2,0,7,3,20836,0,4953745.54,0,41,33,0,0,2,2,4,4,0,10
609,290000,295000,295000,300000,7,2,2,1,0,1,1,35964,0,480655.5757,0,58,4,1,0,0,0,0,0,0,4
610,290000,300000,295000,305000,9,0,2,0,4,1,1,0,0,2231536.221,0,70,7,0,1,0,0,0,0,0,7
611,290000,320000,295000,325000,20,0,0,0,0,1,1,5242,1,2560991.256,0,73,5,1,0,3,3,4,2,3,4
612,290000,325000,295000,330000,20,1,0,0,0,0,1,27532,2,1465365.201,0,82,5,1,0,0,1,2,3,2,2
613,290000,360000,295000,365000,6,1,0,0,0,4,2,2646,0,1119384.026,0,72,0,0,0,0,0,0,0,0,0
614,290000,395000,295000,400000,1,0,0,0,0,5,0,0,0,0,1,88,0,0,0,0,0,0,0,0,0
615,290000,415000,295000,420000,81,0,2,0,0,2,3,6731,1,0,1,73,0,1,0,2,2,3,0,2,0
616,290000,435000,295000,440000,15,0,0,0,4,5,2,34464,0,2808685.027,0,67,4,1,0,0,0,0,0,0,1
617,290000,470000,295000,475000,0,0,0,0,0,2,0,1250,2,502011.7973,0,59,2,0,0,0,1,1,0,2,3
618,295000,175000,300000,180000,6,0,0,0,6,5,14,40885,0,2297198.74,1,24,2,2,0,0,0,1,3,1,4
619,295000,180000,300000,185000,16,0,0,0,8,0,2,112306,0,774654.9875,1,64,7,2,0,0,3,2,5,6,4
620,295000,185000,300000,190000,11,0,0,3,3,8,32,26188,0,0,1,45,3,0,0,0,3,1,2,1,1
621,295000,245000,300000,250000,0,0,2,0,0,0,0,3301,0,5036907.618,0,52,2,1,0,1,0,1,1,1,3
622,295000,290000,300000,295000,1,0,0,0,6,0,14,0,0,5044765.181,0,34,41,0,0,0,4,10,4,6,15
623,295000,320000,300000,325000,41,1,0,0,0,2,2,7111,2,2669679.92,0,65,7,2,0,1,2,3,4,3,2
624,295000,350000,300000,355000,3,0,0,0,0,5,2,2693,0,1794713.487,1,112,1,1,0,0,0,0,0,0,0
625,295000,355000,300000,360000,4,0,0,0,3,12,3,42003,1,3840268.398,1,56,0,0,0,0,0,0,0,0,0
626,295000,360000,300000,365000,2,1,0,1,0,6,5,0,0,389829.7319,0,49,0,0,0,0,0,0,0,0,0
627,295000,395000,300000,400000,2,0,0,0,0,6,0,0,0,1117920.234,0,105,0,0,0,0,0,0,0,0,0
628,295000,410000,300000,415000,103,0,0,1,3,6,3,4901,0,1139920.764,1,67,1,0,0,0,0,0,0,0,0
629,295000,415000,300000,420000,70,0,0,1,1,8,3,3345,0,174578.0269,1,65,1,0,0,0,0,0,0,0,0
630,295000,435000,300000,440000,15,0,0,0,0,0,3,6689,0,1508390.049,0,52,3,1,0,0,0,0,0,0,2
631,295000,440000,300000,445000,22,0,2,0,0,2,0,0,0,1932733.213,0,68,1,0,0,0,0,0,0,1,1
632,295000,470000,300000,475000,0,0,0,0,0,1,0,2845,0,287703.4159,0,68,1,0,0,1,0,0,0,0,1
633,295000,475000,300000,480000,0,0,0,0,0,2,0,0,1,1059564.969,0,48,4,0,0,1,0,0,1,1,0
634,300000,175000,305000,180000,22,0,0,0,0,0,3,11997,0,5534195.671,1,56,4,3,0,0,1,3,4,1,6
635,300000,180000,305000,185000,27,0,1,0,4,5,4,80211,1,4113676.771,1,50,6,3,0,0,4,4,3,2,4
636,300000,185000,305000,190000,10,0,2,1,8,5,29,47129,0,1018334.576,0,35,2,0,0,0,2,1,1,0,1
637,300000,240000,305000,245000,0,0,0,0,0,2,1,2320,0,608034.7746,0,68,1,1,1,1,0,0,1,1,0
638,300000,245000,305000,250000,0,0,0,0,0,20,3,8020,0,4091379.705,0,49,1,0,0,1,0,0,1,0,2
639,300000,290000,305000,295000,0,0,2,0,0,7,20,75254,0,6144662.575,0,39,20,0,0,0,4,6,0,6,9
640,300000,315000,305000,320000,64,0,0,1,3,4,1,8692,1,8404528.34,1,45,5,0,0,0,0,2,0,1,3
641,300000,320000,305000,325000,74,0,0,1,1,8,6,0,1,3477146.264,1,50,2,1,0,0,0,0,1,0,1
642,300000,335000,305000,340000,11,0,0,0,4,7,2,48640,0,11709999.43,1,47,0,0,0,0,0,0,0,0,0
643,300000,340000,305000,345000,9,0,0,1,3,0,2,3130,0,8658763.731,1,57,0,0,0,0,0,0,0,0,0
644,300000,345000,305000,350000,5,0,2,1,0,3,6,45071,0,1479376.042,1,62,1,1,0,0,0,1,0,1,0
645,300000,350000,305000,355000,3,0,0,0,0,17,1,9257,1,1841232.785,1,61,7,0,0,0,2,0,3,3,1
646,300000,395000,305000,400000,56,2,0,0,5,2,2,13552,0,941684.4807,0,83,5,0,1,0,1,0,0,3,5
647,300000,400000,305000,405000,87,0,0,0,5,23,3,0,0,248526.8936,1,77,6,0,1,0,0,0,0,1,2
648,300000,405000,305000,410000,74,1,0,1,0,4,3,0,0,2170596.776,0,58,0,0,0,0,0,0,0,0,0
649,300000,410000,305000,415000,54,0,0,1,0,6,0,23920,0,0,0,78,3,0,0,0,1,1,0,1,3
650,300000,440000,305000,445000,26,0,2,0,0,2,3,29173,3,1323467.976,0,75,6,0,0,1,5,0,0,1,2
651,300000,475000,305000,480000,0,2,0,0,3,4,0,2036,1,700868.7905,0,59,1,0,0,1,0,0,0,0,0
652,305000,175000,310000,180000,33,2,0,0,3,7,1,6136,0,7532528.936,0,51,3,2,0,0,2,5,1,0,1
653,305000,185000,310000,190000,1,0,1,2,4,11,7,68725,2,711639.2064,1,69,1,1,0,0,0,0,0,0,0
654,305000,240000,310000,245000,0,1,0,0,0,1,0,0,1,738077.3701,0,69,0,0,0,0,0,0,0,0,0
655,305000,245000,310000,250000,0,1,0,1,5,6,2,22626,0,2480102.306,0,64,0,0,0,1,0,1,0,1,0
656,305000,290000,310000,295000,1,0,2,0,6,5,4,0,0,7624498.38,0,40,2,0,0,0,0,0,0,1,0
657,305000,295000,310000,300000,1,2,0,1,0,3,6,6177,0,14108126.28,0,51,5,0,0,0,0,0,0,2,2
658,305000,310000,310000,315000,2,0,0,1,0,0,0,0,0,814867.9821,0,51,17,0,0,4,0,2,0,5,8
659,305000,315000,310000,320000,63,0,0,1,0,0,0,61723,1,2473118.743,0,42,8,0,0,1,0,1,0,5,2
660,305000,320000,310000,325000,67,0,0,2,0,0,4,28534,1,3560844.835,0,51,4,0,0,0,0,0,0,2,2
661,305000,325000,310000,330000,7,1,0,1,4,12,8,5334,1,14547335.11,0,34,0,0,0,0,0,0,0,0,0
662,305000,330000,310000,335000,7,1,0,0,0,0,3,39567,0,14744408.89,1,37,0,0,0,0,0,0,0,0,0
663,305000,335000,310000,340000,10,0,0,0,0,3,0,0,0,11080788.74,0,75,0,0,0,0,0,0,0,0,0
664,305000,390000,310000,395000,22,0,0,1,0,6,0,0,0,36127.83743,0,77,5,0,1,2,0,0,1,6,3
665,305000,395000,310000,400000,46,0,0,0,4,12,0,14119,0,988926.8292,0,110,5,0,2,0,0,0,0,1,3
666,305000,440000,310000,445000,23,0,0,0,3,6,2,1902,0,1177335.081,1,63,3,0,0,3,4,0,0,1,2
667,305000,445000,310000,450000,24,0,0,0,1,4,5,10544,1,2101080.823,1,48,1,0,0,0,1,0,0,1,0
668,305000,475000,310000,480000,0,0,0,0,0,6,0,0,0,2253.45313,0,64,1,0,0,2,0,1,0,1,0
669,305000,480000,310000,485000,0,2,0,0,0,4,1,397,2,88994.13967,0,73,0,0,0,3,1,1,0,1,2
670,305000,485000,310000,490000,0,0,0,0,0,12,1,0,0,54604.34616,0,53,1,0,0,3,1,1,0,1,3
671,310000,170000,315000,175000,27,0,2,1,0,3,1,0,2,3769161.347,0,120,1,0,0,0,1,1,0,0,0
672,310000,175000,315000,180000,31,0,1,1,0,7,0,2066,0,7795176.17,0,98,1,0,0,0,1,0,0,1,0
673,310000,185000,315000,190000,5,0,0,0,4,10,7,25719,1,4826885.615,1,74,3,1,0,0,7,0,0,1,5
674,310000,190000,315000,195000,5,0,0,0,0,1,1,4406,2,6932143.604,0,83,3,1,0,0,7,0,0,1,4
675,310000,240000,315000,245000,0,0,0,0,2,3,5,11441,0,2419239.467,0,50,2,1,0,0,1,0,0,2,0
676,310000,245000,315000,250000,0,1,0,3,3,0,6,8294,0,4180096.032,0,72,1,0,0,0,1,0,0,1,1
677,310000,265000,315000,270000,11,0,0,1,3,1,2,1746,0,10180064.22,0,41,5,0,1,0,0,2,2,4,0
678,310000,270000,315000,275000,21,0,0,1,1,0,1,24902,0,21494401.31,0,24,0,0,0,0,0,0,0,0,0
679,310000,275000,315000,280000,15,0,2,0,0,6,2,0,0,12537991.42,0,45,1,0,0,0,0,0,0,1,0
680,310000,280000,315000,285000,7,0,2,0,0,2,1,0,0,4255492.687,0,62,14,2,1,0,0,1,1,2,3
681,310000,285000,315000,290000,3,1,0,0,3,4,2,3061,0,393900.874,0,81,17,1,1,0,0,1,2,2,4
682,310000,290000,315000,295000,9,0,0,0,0,0,0,20595,0,1503985.626,0,61,11,0,0,0,0,0,1,2,1
683,310000,295000,315000,300000,13,0,0,0,4,4,5,18618,0,11689607.48,0,25,10,1,0,0,1,4,1,4,2
684,310000,300000,315000,305000,7,2,0,1,0,4,1,65255,0,19943959.88,0,54,4,0,0,0,0,0,1,2,1
685,310000,305000,315000,310000,6,0,2,1,4,0,2,5696,0,10419617.22,0,51,5,0,0,0,0,1,0,3,3
686,310000,310000,315000,315000,5,0,2,1,0,2,1,0,0,2633991.711,0,44,11,0,0,0,0,1,0,2,6
687,310000,315000,315000,320000,20,0,0,1,6,0,0,658,0,5113963.282,0,62,4,0,0,0,0,0,0,0,1
688,310000,320000,315000,325000,24,0,0,0,1,2,4,64167,0,9207614.768,0,35,6,0,0,0,0,0,1,0,1
689,310000,385000,315000,390000,51,0,1,0,0,0,1,13838,0,613252.8147,0,135,4,0,0,0,0,0,2,3,1
690,310000,390000,315000,395000,65,0,1,0,4,0,1,5178,0,249562.9879,0,132,3,0,0,1,1,1,1,4,5
691,310000,445000,315000,450000,18,2,0,0,2,0,1,0,0,0,1,100,30,0,0,2,2,1,0,7,10
692,310000,485000,315000,490000,2,0,0,0,0,8,2,4864,0,460474.8336,0,100,4,0,1,2,0,0,0,1,4
693,310000,490000,315000,495000,2,0,1,0,5,0,1,0,0,361473.7663,0,85,6,0,2,2,1,1,1,2,2
694,315000,170000,320000,175000,37,0,2,0,0,4,1,0,2,1046566.736,0,81,4,2,0,1,3,3,0,5,1
695,315000,190000,320000,195000,5,0,0,0,5,2,2,56716,2,4346092.312,1,80,12,0,0,0,8,5,1,6,10
696,315000,195000,320000,200000,5,0,0,0,2,2,3,54239,2,8428311.396,0,65,2,0,0,0,0,0,0,1,1
697,315000,245000,320000,250000,0,0,0,1,0,8,4,32669,0,11234033.16,0,57,5,1,0,2,1,1,1,3,2
698,315000,250000,320000,255000,2,0,0,0,0,1,1,8155,0,8936459.532,0,39,7,0,1,0,2,0,1,0,0
699,315000,260000,320000,265000,4,0,2,0,4,1,2,21014,0,8772360.529,0,66,9,0,0,0,1,0,1,2,2
700,315000,265000,320000,270000,12,0,1,1,0,3,6,17296,0,9804330.97,0,50,7,0,6,0,0,4,9,5,0
701,315000,290000,320000,295000,9,2,0,1,0,3,10,73629,0,834369.2591,0,51,7,0,0,0,0,0,1,0,1
702,315000,295000,320000,300000,12,0,0,0,0,1,5,0,0,3667333.668,0,48,15,1,0,0,2,6,1,4,4
703,315000,310000,320000,315000,1,0,0,0,7,1,2,2866,0,10163835.9,0,30,10,0,0,0,0,0,0,0,2
704,315000,315000,320000,320000,1,0,0,0,0,4,5,11316,0,9326768.885,0,42,5,0,0,4,0,5,1,3,2
705,315000,320000,320000,325000,1,0,0,0,4,1,0,2139,0,4710489.66,0,54,23,0,1,0,0,0,2,2,8
706,315000,380000,320000,385000,51,0,1,0,0,9,4,10340,0,453213.0358,1,83,14,0,0,1,1,0,0,4,8
707,315000,385000,320000,390000,57,0,1,0,0,4,2,5523,0,499489.8087,1,111,6,0,1,0,1,0,0,2,6
708,315000,390000,320000,395000,51,0,1,0,0,1,10,11702,0,98219.28411,1,103,2,0,0,0,0,0,0,0,3
709,315000,445000,320000,450000,10,0,0,0,0,0,0,0,0,0,0,55,25,0,0,2,1,1,0,3,5
710,315000,450000,320000,455000,10,0,0,0,0,1,3,30959,0,0,1,47,29,1,0,4,1,1,0,8,10
711,315000,490000,320000,495000,2,0,0,0,0,1,0,4245,0,424111.9542,0,54,3,0,0,0,0,0,1,1,0
712,315000,495000,320000,500000,0,0,0,0,0,4,2,0,0,479638.8725,0,54,6,0,0,0,0,0,2,0,0
713,320000,165000,325000,170000,22,2,0,1,6,12,8,21204,0,15802229,0,33,1,0,0,0,0,0,1,1,0
714,320000,170000,325000,175000,24,0,0,0,0,5,3,40655,1,4656677.714,0,76,2,0,0,0,1,0,0,1,0
715,320000,195000,325000,200000,11,0,2,0,3,11,3,80215,0,8193160.598,1,60,0,0,0,0,0,0,0,0,0
716,320000,200000,325000,205000,11,0,2,0,4,2,6,68676,0,5897173.472,0,37,1,0,0,0,0,0,0,0,1
717,320000,250000,325000,255000,5,0,0,0,9,0,4,31015,0,3463148.719,0,54,4,0,0,0,1,0,1,0,0
718,320000,255000,325000,260000,4,0,0,0,0,0,2,21409,1,1992742.059,0,67,6,0,0,0,0,0,0,1,3
719,320000,260000,325000,265000,3,0,1,0,0,1,1,0,0,8468599.065,0,49,5,0,0,0,1,0,1,0,3
720,320000,285000,325000,290000,4,0,0,1,4,4,18,82815,0,1212744.045,1,41,0,0,0,0,0,0,0,0,0
721,320000,290000,325000,295000,3,0,0,0,7,5,26,0,0,3988518.262,1,26,2,0,0,0,0,0,2,0,2
722,320000,310000,325000,315000,0,0,0,1,1,3,1,1847,0,3713576.202,0,61,6,0,0,1,1,0,0,2,2
723,320000,320000,325000,325000,3,0,0,0,0,2,1,0,0,13588119.55,0,35,27,0,1,0,0,0,3,5,6
724,320000,380000,325000,385000,35,2,0,0,3,1,2,11021,2,71082.3393,1,91,5,0,0,1,1,0,0,1,3
725,320000,450000,325000,455000,14,0,0,0,7,8,1,26858,0,546632.7758,1,52,13,0,0,4,2,0,0,5,7
726,320000,455000,325000,460000,11,0,0,0,3,2,2,4670,0,1273224.649,0,48,2,0,0,0,1,0,0,0,0
727,320000,495000,325000,500000,0,0,0,0,0,9,0,0,0,196012.106,0,59,5,0,0,0,0,0,3,1,1
728,325000,150000,330000,155000,20,0,0,0,0,1,2,27810,0,109666.0122,0,50,0,1,0,0,0,0,0,0,0
729,325000,155000,330000,160000,26,0,0,0,5,3,5,46302,0,1063035.75,0,77,5,2,0,0,0,1,3,2,0
730,325000,160000,330000,165000,13,0,0,1,7,10,1,0,0,13667177.16,0,62,4,2,0,0,1,1,3,3,1
731,325000,165000,330000,170000,10,2,0,1,1,0,3,30522,0,17982129.72,0,51,3,2,0,0,1,6,2,4,2
732,325000,195000,330000,200000,12,0,0,0,0,12,8,73562,0,13615748.69,1,27,0,0,0,0,0,0,0,0,3
733,325000,200000,330000,205000,11,0,0,0,4,1,3,13009,0,9954498.003,0,36,5,0,0,0,2,0,0,0,2
734,325000,240000,330000,245000,3,1,2,1,3,3,4,0,0,7898573.085,0,36,4,0,1,1,1,1,2,2,3
735,325000,245000,330000,250000,4,1,2,1,1,3,6,38936,0,4680786.89,0,41,2,0,1,0,1,2,1,1,1
736,325000,250000,330000,255000,3,0,2,0,0,7,6,47009,0,3664232.157,0,34,2,0,1,0,1,0,0,0,0
737,325000,275000,330000,280000,0,2,1,0,8,2,15,22631,0,3449024.746,0,41,5,0,0,0,1,0,2,0,1
738,325000,280000,330000,285000,1,1,2,0,0,3,4,116832,0,2824777.018,0,41,13,0,2,0,1,0,2,3,1
739,325000,285000,330000,290000,3,1,0,0,0,2,6,9168,0,0,0,52,14,0,1,0,0,1,1,3,1
740,325000,305000,330000,310000,0,0,0,2,0,0,0,0,0,521993.7427,0,60,7,0,1,3,1,5,2,2,3
741,325000,310000,330000,315000,0,0,0,1,0,0,0,0,0,1393956.412,0,63,11,0,1,3,2,1,3,3,4
742,325000,320000,330000,325000,5,0,2,0,4,2,5,9670,0,13843349.03,0,10,6,2,0,0,0,0,1,0,2
743,325000,375000,330000,380000,5,0,0,1,0,0,0,14601,5,0,1,79,0,0,0,0,0,0,0,0,0
744,325000,380000,330000,385000,3,0,0,1,0,0,0,0,4,0,1,55,0,0,0,0,0,0,0,0,0
745,325000,455000,330000,460000,20,0,2,0,1,0,1,29955,0,711503.0999,0,40,4,0,0,1,2,0,0,0,1
746,325000,495000,330000,500000,0,0,0,0,0,4,0,0,0,0,0,58,11,0,0,0,0,0,1,0,0
747,330000,150000,335000,155000,20,0,0,0,4,0,12,16947,0,520297.8896,0,33,0,0,0,0,0,0,1,0,0
748,330000,195000,335000,200000,22,0,0,0,1,10,7,38826,0,3789221.004,1,58,0,4,0,0,0,2,1,0,8
749,330000,210000,335000,215000,6,0,0,0,3,1,6,5795,0,18548777.05,0,44,0,0,0,0,2,0,0,1,1
750,330000,225000,335000,230000,7,2,0,0,6,5,5,5060,0,17261112.7,0,38,1,2,3,0,1,0,2,2,0
751,330000,230000,335000,235000,8,0,0,0,0,5,6,52201,0,7185681.603,0,44,0,1,1,0,0,0,2,2,1
752,330000,235000,335000,240000,7,0,0,0,0,2,4,1067,0,9057333.617,0,57,1,0,1,0,1,0,0,2,0
753,330000,240000,335000,245000,3,1,2,1,6,4,5,9463,0,5543532.108,0,39,3,1,2,0,1,1,2,4,3
754,330000,245000,335000,250000,3,0,2,1,3,11,7,32275,0,0,0,55,5,2,1,1,0,3,2,5,5
755,330000,250000,335000,255000,6,0,0,1,2,0,1,0,0,0,0,59,12,0,1,0,4,0,4,3,4
756,330000,255000,335000,260000,4,0,0,1,10,4,15,115410,0,503808.0785,0,13,5,0,1,0,2,0,2,0,0
757,330000,265000,335000,270000,3,2,0,0,0,4,4,19893,0,0,0,46,8,0,0,0,3,0,3,3,3
758,330000,270000,335000,275000,4,1,0,0,4,1,3,0,0,1533485.334,0,56,8,0,1,0,2,0,3,1,3
759,330000,275000,335000,280000,1,0,0,0,0,2,1,135099,0,959279.517,0,47,13,0,0,0,3,0,3,3,5
760,330000,300000,335000,305000,0,0,0,0,0,0,0,0,0,3409712.542,0,86,12,0,0,1,1,2,1,5,4
761,330000,305000,335000,310000,0,0,0,1,4,2,1,0,0,5890109.474,0,50,10,0,1,3,1,1,4,6,3
762,330000,320000,335000,325000,3,0,2,0,0,1,2,0,0,4651590.387,0,46,17,0,1,0,4,0,0,4,7
763,330000,325000,335000,330000,3,0,2,0,0,0,0,0,0,2805059.85,0,56,20,0,2,1,2,1,1,18,3
764,330000,370000,335000,375000,12,0,0,0,0,0,0,0,2,919831.0992,0,50,1,1,0,1,2,0,0,1,0
765,330000,375000,335000,380000,8,0,0,2,0,2,1,4244,1,502424.4352,1,51,1,1,1,1,2,2,0,3,2
766,330000,455000,335000,460000,10,0,1,0,1,0,0,0,0,689835.9354,1,66,4,0,11,4,1,0,0,2,1
767,330000,460000,335000,465000,8,0,0,0,3,1,2,1783,0,408218.9966,0,52,4,0,0,0,0,2,0,3,2
768,330000,495000,335000,500000,0,0,0,0,1,2,0,731,0,120949.5554,0,62,0,0,0,0,0,0,0,0,0
769,330000,500000,335000,505000,2,2,0,0,1,0,0,0,0,109926.3091,0,69,2,0,0,0,0,1,0,2,0
770,330000,520000,335000,525000,2,0,0,0,4,9,7,0,1,329448.4731,0,40,1,0,1,0,0,0,0,0,0
771,335000,190000,340000,195000,19,0,0,1,0,22,8,0,0,0,1,61,2,0,0,0,0,0,0,0,1
772,335000,195000,340000,200000,33,0,0,0,6,17,13,164428,0,2154334.082,1,61,4,2,0,0,0,0,2,0,4
773,335000,200000,340000,205000,15,0,0,0,5,15,12,63224,0,4771181.529,0,56,5,2,0,0,1,0,2,3,5
774,335000,205000,340000,210000,4,0,1,0,0,4,6,69682,0,8190549.738,0,52,0,0,0,0,0,0,0,0,0
775,335000,210000,340000,215000,7,0,2,0,1,10,3,0,0,22987860.05,0,33,0,0,0,0,0,0,0,0,0
776,335000,215000,340000,220000,6,0,1,1,4,2,10,75769,0,22402813.17,0,47,0,0,0,0,0,0,0,0,0
777,335000,220000,340000,225000,6,0,0,3,1,4,5,58765,0,14109567.45,0,80,2,0,1,1,0,1,1,1,1
778,335000,225000,340000,230000,7,1,0,4,0,9,8,7880,0,5253398.816,0,58,3,0,3,1,1,1,2,2,1
779,335000,255000,340000,260000,2,0,0,1,5,7,22,78109,0,0,1,33,1,0,0,0,1,0,0,0,1
780,335000,260000,340000,265000,1,0,0,0,11,0,50,27728,0,0,0,21,1,0,0,0,0,0,0,0,0
781,335000,265000,340000,270000,7,2,0,0,9,7,22,403920,0,0,1,50,1,0,0,0,0,0,0,0,0
782,335000,270000,340000,275000,11,1,0,0,4,4,9,43604,0,0,1,43,4,0,0,0,2,0,2,0,2
783,335000,275000,340000,280000,9,0,2,0,0,2,6,38646,0,79961.20714,0,63,10,0,1,0,2,1,1,2,4
784,335000,280000,340000,285000,7,0,2,0,5,0,7,0,0,0,0,68,4,1,0,0,0,1,1,1,2
785,335000,285000,340000,290000,4,0,0,1,5,2,11,62472,0,1340289.947,0,56,11,2,2,0,1,1,4,5,3
786,335000,290000,340000,295000,4,2,0,0,1,3,4,64117,0,5179969.097,0,56,16,1,1,0,1,3,5,4,8
787,335000,295000,340000,300000,6,0,0,0,3,0,0,30464,0,729828.1402,0,66,7,0,0,1,2,1,0,3,1
788,335000,300000,340000,305000,6,0,0,0,0,0,0,0,0,668587.4693,0,48,12,0,0,0,2,2,1,2,1
789,335000,305000,340000,310000,4,0,0,0,0,0,0,2448,0,5169530.986,0,38,9,0,0,0,1,1,4,3,4
790,335000,325000,340000,330000,0,0,0,1,0,1,0,0,0,681939.8238,0,73,8,0,1,1,1,1,0,5,2
791,335000,345000,340000,350000,10,0,0,0,1,0,0,14379,0,5421918.839,0,64,0,0,0,0,0,0,0,0,0
792,335000,350000,340000,355000,17,1,0,1,4,1,1,0,0,815576.6798,1,79,0,0,0,1,3,3,0,1,0
793,335000,355000,340000,360000,17,1,0,0,0,1,3,0,0,5242968.387,1,47,0,0,0,0,0,0,0,0,0
794,335000,365000,340000,370000,23,0,0,0,0,0,0,13219,0,3754767.721,0,72,4,1,0,0,4,3,4,2,3
795,335000,370000,340000,375000,16,0,0,0,5,2,5,23527,0,7415047.902,1,43,3,1,0,1,2,0,3,2,3
796,335000,460000,340000,465000,8,0,0,0,5,9,5,29318,0,1052086.455,1,41,6,1,2,0,0,1,2,3,2
797,335000,500000,340000,505000,2,2,0,0,0,0,0,2566,0,0,0,50,5,0,0,0,0,1,1,3,0
798,335000,505000,340000,510000,6,0,0,0,2,5,1,4499,0,733696.4733,0,73,10,0,0,0,2,2,2,5,1
799,335000,510000,340000,515000,3,2,0,3,0,1,0,0,1,2718234.139,0,63,4,0,1,0,1,1,1,1,2
800,335000,515000,340000,520000,1,0,0,3,5,2,1,0,2,2850352.31,0,51,4,0,0,4,0,0,0,0,0
801,335000,520000,340000,525000,2,0,0,0,0,5,16,0,1,0,0,27,2,0,1,0,0,0,0,0,0
802,340000,190000,345000,195000,16,0,0,2,6,30,40,43116,0,0,1,54,4,1,0,0,0,0,1,0,3
803,340000,195000,345000,200000,30,0,0,0,0,5,3,58998,0,13207.13851,1,66,4,0,0,0,0,0,2,0,2
804,340000,200000,345000,205000,4,0,0,1,0,0,0,61797,0,1381383.786,0,81,0,0,0,0,0,0,0,0,0
805,340000,265000,345000,270000,7,0,0,1,7,20,50,0,0,0,1,10,0,0,0,0,0,0,0,0,0
806,340000,290000,345000,295000,3,0,0,0,0,0,3,12667,0,3100606.998,0,61,17,0,2,0,0,2,4,2,5
807,340000,295000,345000,300000,6,0,0,0,3,1,5,13351,0,3486317.319,0,46,11,0,0,2,0,2,0,6,0
808,340000,300000,345000,305000,6,0,0,1,5,2,4,19826,0,4251736.965,0,29,3,0,0,0,1,0,0,0,0
809,340000,305000,345000,310000,6,0,2,2,0,2,4,34530,0,5652052.415,0,44,0,0,0,0,1,0,0,0,1
810,340000,310000,345000,315000,7,0,0,0,3,2,5,30109,0,5335562.765,0,42,6,0,0,0,1,1,0,5,0
811,340000,315000,345000,320000,5,0,0,1,0,0,0,0,0,2742011.434,0,45,7,1,1,0,4,3,1,7,2
812,340000,320000,345000,325000,3,2,0,0,0,1,1,22516,0,2175920.142,0,46,7,1,1,1,3,3,1,6,2
813,340000,325000,345000,330000,5,1,0,1,2,0,0,0,0,1074652.631,0,61,9,0,0,3,1,2,0,6,1
814,340000,330000,345000,335000,8,0,0,0,0,1,0,0,0,758851.1068,0,118,5,0,0,1,0,0,0,2,2
815,340000,335000,345000,340000,9,0,0,1,0,0,0,0,0,327910.3014,0,79,0,0,0,0,0,0,0,0,0
816,340000,340000,345000,345000,19,0,0,0,1,2,2,18733,0,7670803.286,0,49,0,0,0,0,0,0,0,0,0
817,340000,345000,345000,350000,14,1,0,1,0,0,0,0,0,975275.2566,0,62,0,0,0,0,0,0,0,0,0
818,340000,355000,345000,360000,13,0,0,2,0,0,0,904,0,962422.4271,1,57,1,0,0,0,0,0,0,1,0
819,340000,360000,345000,365000,17,0,0,0,3,0,0,14206,0,5042126.091,1,43,3,1,0,0,2,0,2,1,2
820,340000,365000,345000,370000,16,0,0,1,1,10,9,10340,0,3921049.752,1,40,5,3,0,0,2,1,4,2,4
821,340000,460000,345000,465000,16,2,0,0,0,8,2,9185,0,662568.0176,0,52,5,0,0,0,0,0,2,3,0
822,340000,465000,345000,470000,14,0,0,1,0,2,0,24757,1,313821.0964,0,45,0,0,0,0,0,0,0,0,0
823,340000,505000,345000,510000,5,0,0,0,13,12,3,18241,0,1890623.477,0,62,4,1,1,0,0,0,2,0,0
824,345000,195000,350000,200000,27,2,0,0,4,41,23,128035,1,40859.04819,1,59,2,0,0,0,0,0,1,0,2
825,345000,200000,350000,205000,18,0,0,0,4,31,5,15158,0,2030201.095,0,88,4,0,0,0,0,0,0,0,2
826,345000,265000,350000,270000,6,3,0,1,7,13,40,153611,0,0,0,14,1,0,1,0,1,0,0,0,1
827,345000,270000,350000,275000,10,2,0,1,7,1,6,0,0,0,0,61,12,0,3,0,4,0,3,0,6
828,345000,285000,350000,290000,0,0,0,1,1,1,0,4840,0,2659391.832,0,59,17,2,3,1,1,2,5,3,5
829,345000,290000,350000,295000,0,0,0,0,5,0,0,5438,0,4142964.389,0,45,21,1,3,1,0,1,7,4,4
830,345000,325000,350000,330000,9,0,0,0,8,2,0,6924,0,3636779.298,1,57,3,0,0,1,0,1,0,2,0
831,345000,330000,350000,335000,9,0,0,0,4,1,5,24723,0,4140469.985,1,87,0,0,0,0,0,0,0,0,0
832,345000,335000,350000,340000,11,0,2,1,0,1,0,14697,0,2664716.513,1,65,2,1,0,0,2,1,1,1,2
833,345000,340000,350000,345000,15,0,2,0,3,4,3,29076,0,3748392.216,0,50,0,0,0,0,1,0,0,0,0
834,345000,465000,350000,470000,23,0,0,0,4,7,3,0,0,683012.1929,0,51,7,1,1,1,2,2,1,2,0
835,345000,500000,350000,505000,3,0,0,0,4,2,0,0,1,2727006.67,0,60,7,0,0,0,1,0,0,4,1
836,345000,505000,350000,510000,2,0,0,0,3,1,5,0,0,1961227.822,0,19,5,1,0,0,0,0,0,1,0
837,350000,195000,355000,200000,27,0,0,1,3,14,4,162944,2,2551024.751,1,41,2,0,0,0,1,0,1,1,1
838,350000,200000,355000,205000,22,0,0,0,3,7,5,15222,0,21774771.46,0,29,4,0,0,0,0,0,0,0,2
839,350000,255000,355000,260000,0,0,0,0,0,0,0,0,0,361139.7648,0,65,2,2,0,0,2,2,1,2,2
840,350000,260000,355000,265000,1,0,0,0,7,9,8,44798,0,0,1,27,0,0,0,0,0,0,0,0,1
841,350000,265000,355000,270000,10,1,0,1,8,12,13,177553,0,0,1,38,9,0,1,0,2,0,4,1,4
842,350000,270000,355000,275000,15,0,0,1,1,4,1,33400,0,0,0,65,2,0,0,0,2,0,0,1,1
843,350000,285000,355000,290000,0,0,0,0,0,2,2,0,1,3653815.92,1,60,17,4,4,1,3,1,6,6,3
844,350000,325000,355000,330000,5,1,0,0,5,2,2,0,0,3042754.587,1,60,0,0,0,0,0,0,0,0,0
845,350000,460000,355000,465000,16,1,0,0,0,4,0,0,0,43600.05132,0,56,4,0,2,0,0,1,2,1,0
846,350000,465000,355000,470000,17,1,0,0,0,4,2,1910,0,626702.4594,0,42,5,1,1,0,0,0,1,1,0
847,350000,490000,355000,495000,3,0,0,0,0,0,0,0,0,932952.2645,0,41,0,0,0,0,0,0,0,0,0
848,350000,495000,355000,500000,5,0,0,0,0,0,0,0,0,1312575.878,0,45,0,0,0,0,0,0,0,0,0
849,350000,500000,355000,505000,3,0,0,0,0,0,1,19045,1,781130.351,0,14,1,0,0,0,0,0,0,1,0
850,355000,195000,360000,200000,24,0,2,1,6,17,8,104621,1,5975548.443,1,48,3,1,0,0,0,0,2,2,2
851,355000,200000,360000,205000,17,0,2,0,2,24,13,51623,0,12101289.22,0,32,0,0,0,0,0,0,0,0,0
852,355000,215000,360000,220000,0,0,0,0,0,0,5,20635,0,8062403.723,0,67,1,1,0,0,0,0,1,1,0
853,355000,235000,360000,240000,0,0,0,3,0,5,2,0,0,0,0,46,10,3,2,0,3,4,2,3,3
854,355000,240000,360000,245000,0,0,0,3,5,3,7,7709,0,1468788.951,0,40,10,1,2,0,1,2,2,1,2
855,355000,245000,360000,250000,0,0,0,1,0,4,1,32420,0,0,0,69,42,6,1,0,3,7,17,10,11
856,355000,250000,360000,255000,0,0,0,1,0,1,3,1551,0,843207.5724,1,55,5,1,0,0,1,1,2,0,0
857,355000,255000,360000,260000,0,0,0,3,0,2,15,11095,0,1293327.895,0,38,1,2,0,0,2,1,1,1,1
858,355000,265000,360000,270000,2,0,0,0,0,4,8,81030,0,0,1,36,6,0,1,0,2,0,3,2,3
859,355000,270000,360000,275000,12,0,1,2,0,0,1,0,0,0,0,58,0,0,0,0,0,0,0,1,0
860,355000,285000,360000,290000,0,0,0,0,0,10,1,3663,1,2665986.133,1,99,11,2,2,1,2,2,2,4,2
861,355000,325000,360000,330000,5,0,0,1,0,0,1,0,0,6415722.992,0,66,0,0,0,0,0,0,0,0,0
862,355000,460000,360000,465000,3,0,0,0,0,2,0,0,1,0,0,67,0,0,0,0,1,0,0,0,0
863,355000,465000,360000,470000,2,0,0,0,0,4,0,0,0,0,0,63,3,0,1,0,0,0,0,0,0
864,355000,470000,360000,475000,17,1,2,1,0,4,0,27820,2,0,1,55,6,0,1,0,2,1,0,4,1
865,355000,475000,360000,480000,28,0,2,1,0,3,0,0,0,364915.8107,0,53,7,0,0,0,2,2,2,5,1
866,355000,480000,360000,485000,22,0,0,0,2,9,0,12446,0,1608690.498,0,39,6,0,1,0,0,2,4,3,2
867,355000,485000,360000,490000,17,0,0,0,0,14,0,0,0,2300583.494,0,21,2,0,1,0,0,0,3,0,0
868,355000,490000,360000,495000,11,0,0,0,3,6,3,28631,0,3339183.24,0,15,0,0,0,0,0,0,0,0,0
869,360000,175000,365000,180000,0,0,0,0,0,1,2,0,0,0,1,28,0,0,0,0,0,0,0,0,0
870,360000,180000,365000,185000,0,0,0,1,0,3,6,35452,0,0,0,57,0,0,0,0,0,0,0,0,0
871,360000,185000,365000,190000,8,0,0,2,3,21,9,0,0,0,0,53,0,0,0,0,0,0,0,0,0
872,360000,190000,365000,195000,15,0,1,1,10,7,8,247537,0,4194028.306,1,51,0,0,0,0,0,0,0,0,0
873,360000,195000,365000,200000,12,0,0,0,0,16,9,0,0,5517652.794,1,41,0,0,0,0,0,0,0,0,0
874,360000,200000,365000,205000,5,0,0,0,5,17,13,36568,0,4679578.265,1,51,0,0,0,0,0,0,0,0,0
875,360000,210000,365000,215000,0,0,0,0,0,2,1,0,1,21462049.73,0,50,0,0,0,0,0,0,0,0,0
876,360000,215000,365000,220000,0,0,0,0,2,0,2,36808,2,14550791.4,0,25,0,0,0,0,0,0,0,0,0
877,360000,220000,365000,225000,0,0,0,1,3,4,1,34306,0,5053452.311,0,49,0,1,1,0,0,0,1,0,0
878,360000,225000,365000,230000,0,0,0,0,2,2,3,35002,0,2442576.984,0,64,4,2,2,1,1,1,2,2,2
879,360000,230000,365000,235000,0,0,0,0,0,7,3,3325,0,1188456.418,0,103,18,1,1,1,1,1,7,5,8
880,360000,235000,365000,240000,0,0,0,0,0,2,0,0,0,0,0,112,20,2,1,1,2,4,5,5,6
881,360000,265000,365000,270000,4,0,1,1,9,2,21,99019,0,6689117.293,0,24,1,0,0,0,0,0,1,0,1
882,360000,270000,365000,275000,13,0,1,3,0,2,4,0,0,5713415.091,0,58,6,1,0,1,0,2,3,1,4
883,360000,275000,365000,280000,14,0,1,3,2,11,4,11422,0,4584756.306,0,51,1,0,0,0,0,1,0,1,2
884,360000,280000,365000,285000,0,0,0,0,8,18,3,22460,1,7328240.791,1,58,3,0,0,0,1,1,0,1,0
885,360000,285000,365000,290000,0,0,0,0,0,0,0,0,0,2183023.294,1,94,15,0,1,0,1,4,2,4,1
886,360000,325000,365000,330000,6,0,0,0,0,0,0,0,0,1769886.193,0,123,3,0,0,2,0,7,0,2,0
887,360000,465000,365000,470000,22,0,2,0,1,18,2,17623,0,1539595.313,0,60,9,0,0,1,0,4,1,6,0
888,360000,470000,365000,475000,33,0,4,0,12,24,12,22886,0,1620114.483,1,43,3,0,0,0,0,1,1,1,0
889,360000,475000,365000,480000,31,0,2,0,3,13,2,12766,0,1389540.733,0,56,3,0,0,0,0,1,0,2,2
890,360000,480000,365000,485000,24,0,0,0,2,13,9,23871,0,5953903.622,0,14,6,0,1,0,1,0,2,0,2
891,365000,185000,370000,190000,6,0,0,0,0,2,5,81517,0,6450132.391,1,38,0,0,0,0,0,0,0,0,0
892,365000,190000,370000,195000,11,0,0,1,10,34,33,115203,0,5413808.775,1,41,0,0,0,0,0,0,0,0,0
893,365000,200000,370000,205000,0,0,0,0,1,18,5,19033,0,3478091.68,0,70,1,0,0,0,0,2,1,1,0
894,365000,205000,370000,210000,0,0,0,3,0,11,4,41228,0,3413063.853,1,63,2,0,0,0,0,2,1,0,2
895,365000,210000,370000,215000,0,0,0,0,3,14,5,2564,0,3744183.701,1,59,0,0,0,0,0,0,0,0,0
896,365000,265000,370000,270000,8,0,1,0,0,2,5,55803,0,10616698.2,0,10,4,0,0,0,1,0,1,0,2
897,365000,275000,370000,280000,13,0,1,0,2,4,3,26772,1,4573344.235,1,58,3,0,0,0,0,0,0,2,1
898,365000,280000,370000,285000,5,1,0,0,1,2,3,0,1,10580680.3,1,69,0,0,0,0,0,0,0,0,0
899,365000,325000,370000,330000,3,0,0,1,3,0,0,0,0,1593413.627,0,66,15,0,0,0,0,7,2,9,2
900,365000,465000,370000,470000,24,0,0,1,2,10,2,0,1,3357870.041,0,31,5,0,1,1,0,2,1,1,1
901,370000,185000,375000,190000,3,0,0,0,6,5,4,0,0,1788240.331,0,8,0,0,0,0,0,0,0,0,0
902,370000,190000,375000,195000,1,0,0,3,5,12,32,75430,0,0,1,15,0,0,0,0,0,0,0,0,0
903,370000,200000,375000,205000,0,0,0,0,4,15,8,13261,0,299546.2792,0,73,1,1,0,0,0,2,1,1,1
904,370000,205000,375000,210000,0,0,0,1,0,6,0,1223,0,694289.5197,0,59,8,0,1,0,1,4,2,3,4
905,370000,265000,375000,270000,10,0,0,0,0,6,1,1202,0,8298963.74,0,30,7,0,0,0,0,0,2,3,1
906,370000,270000,375000,275000,7,0,0,3,2,14,13,0,0,9596652.202,0,32,7,0,1,0,0,0,0,0,1
907,370000,280000,375000,285000,15,1,0,0,5,6,5,16830,1,6883519.476,0,55,12,1,1,0,1,0,1,1,1
908,370000,325000,375000,330000,3,1,0,1,1,0,0,0,0,2082593.056,0,59,18,1,0,0,0,1,5,3,4
909,370000,465000,375000,470000,16,0,0,0,0,16,0,14582,1,591162.472,0,51,2,0,0,0,1,0,1,1,0
910,375000,185000,380000,190000,3,0,0,0,6,1,13,184467,0,0,1,0,0,0,0,0,0,0,0,0,0
911,375000,190000,380000,195000,5,0,0,0,7,9,15,159511,0,0,1,10,0,0,0,0,0,0,0,0,0
912,375000,195000,380000,200000,6,0,0,1,1,0,1,0,0,0,0,68,9,0,1,0,1,0,0,1,3
913,375000,200000,380000,205000,1,0,0,1,3,11,6,0,0,935418.936,0,64,10,2,0,0,1,0,0,0,9
914,375000,205000,380000,210000,0,0,0,0,0,0,2,1839,0,1293829.174,0,64,4,0,1,0,1,2,0,0,0
915,375000,270000,380000,275000,8,2,0,0,6,17,10,19837,0,2826799.702,0,34,7,0,0,0,0,0,0,0,1
916,375000,275000,380000,280000,0,0,0,5,4,7,10,9241,0,3490257.653,0,20,7,0,0,0,0,0,1,0,1
917,375000,280000,380000,285000,20,0,0,0,0,13,2,15333,1,6292664.961,0,35,14,2,1,0,1,1,3,2,2
918,375000,285000,380000,290000,18,0,0,1,0,3,0,20558,1,6009523.355,0,95,15,1,2,2,1,2,4,3,2
919,375000,325000,380000,330000,4,0,2,0,0,0,0,0,0,242210.9675,0,77,14,0,0,0,0,1,4,3,1
920,375000,330000,380000,335000,3,0,2,0,0,0,0,0,0,463924.2415,0,122,7,1,0,0,0,0,2,1,1
921,375000,455000,380000,460000,11,0,0,0,3,14,2,0,0,1970136.596,1,36,2,1,3,0,0,0,1,0,1
922,375000,460000,380000,465000,20,0,0,0,0,6,0,0,0,603995.492,1,48,5,1,1,0,0,1,3,1,2
923,375000,465000,380000,470000,11,0,0,1,1,9,2,6868,0,294732.8529,1,60,2,2,0,0,0,0,3,0,1
924,380000,185000,385000,190000,1,0,0,3,1,4,40,0,0,0,1,46,0,0,0,0,0,0,0,0,0
925,380000,190000,385000,195000,5,0,0,0,17,6,17,177563,0,0,1,37,0,0,0,0,0,0,0,0,0
926,380000,195000,385000,200000,6,0,1,1,23,15,8,12559,0,0,0,27,9,0,1,0,2,0,0,0,2
927,380000,200000,385000,205000,15,0,0,1,12,5,7,223976,0,0,0,35,15,1,2,0,1,1,1,2,6
928,380000,205000,385000,210000,15,0,0,1,1,2,4,86693,0,0,0,42,3,0,1,0,1,0,0,0,0
929,380000,265000,385000,270000,8,2,0,0,0,8,3,48338,0,6070121.442,0,42,18,1,0,0,1,0,0,8,3
930,380000,270000,385000,275000,8,2,0,0,3,15,4,12323,0,2263386.079,0,51,0,0,0,0,0,0,1,1,1
931,380000,275000,385000,280000,0,0,0,0,0,9,2,0,0,3012908.29,0,34,3,0,0,0,0,0,1,2,0
932,380000,285000,385000,290000,16,0,2,1,4,10,2,0,0,9110520.345,0,65,8,0,1,1,0,0,0,0,1
933,380000,325000,385000,330000,4,0,2,2,1,2,2,3702,1,1394423.095,0,77,21,0,0,0,0,1,1,5,4
934,380000,330000,385000,335000,4,0,2,1,3,2,1,3065,1,1036875.396,0,110,21,0,0,0,0,3,2,0,3
935,380000,440000,385000,445000,7,0,0,0,0,2,1,0,0,0,1,82,6,2,0,1,0,1,1,9,6
936,380000,445000,385000,450000,16,0,0,0,0,2,1,0,1,40417.01889,1,42,7,0,0,2,2,1,2,5,2
937,380000,450000,385000,455000,13,0,0,0,0,0,0,0,0,0,0,43,10,0,0,2,2,0,2,7,3
938,380000,455000,385000,460000,13,0,2,0,1,10,2,21900,0,847244.6933,1,19,2,0,2,0,1,0,1,1,0
939,385000,200000,390000,205000,33,0,1,1,1,7,3,105457,0,0,0,65,2,0,1,0,1,3,0,4,2
940,385000,205000,390000,210000,22,2,1,1,1,4,25,108272,0,0,0,56,6,0,0,1,0,2,0,2,2
941,385000,210000,390000,215000,14,0,0,2,4,2,11,102899,0,93411.01132,0,48,12,2,0,1,1,3,0,7,8
942,385000,215000,390000,220000,24,0,0,0,0,4,5,20258,0,470049.0905,0,47,5,0,0,0,0,0,0,5,4
943,385000,220000,390000,225000,18,0,1,1,3,0,10,17459,0,657212.4165,0,48,16,1,0,0,0,8,0,2,9
944,385000,225000,390000,230000,11,0,0,0,0,6,2,0,0,279449.5477,0,59,15,2,2,3,0,4,2,8,10
945,385000,260000,390000,265000,2,0,2,1,9,5,6,6523,0,1399248.621,0,62,9,2,0,2,1,3,1,7,5
946,385000,265000,390000,270000,6,0,0,0,1,6,6,16190,0,2935865.79,0,63,3,0,0,0,0,0,1,2,2
947,385000,280000,390000,285000,12,0,0,0,2,8,2,0,0,2199386.671,0,76,0,0,0,0,0,0,0,0,0
948,385000,285000,390000,290000,12,0,2,0,0,8,0,0,0,2406929.994,0,100,2,1,0,0,0,0,0,0,0
949,385000,330000,390000,335000,6,0,0,0,1,1,0,0,1,1128890.608,0,132,23,0,0,0,0,3,1,4,3
950,385000,335000,390000,340000,4,0,0,1,0,0,3,11063,0,3629888.76,0,52,10,0,0,0,0,0,1,2,1
951,385000,440000,390000,445000,14,1,0,1,6,6,8,11733,0,0,1,46,7,1,0,1,0,1,1,11,5
952,385000,445000,390000,450000,16,0,0,1,5,0,20,11235,1,0,1,28,0,0,0,0,1,0,1,0,1
953,385000,450000,390000,455000,13,0,0,0,0,0,6,7801,0,0,1,14,3,0,0,0,1,0,0,2,2
954,385000,455000,390000,460000,5,0,0,0,2,0,3,0,0,0,1,2,0,0,0,0,0,0,0,0,0
955,390000,195000,395000,200000,13,1,0,0,4,3,13,59135,1,0,1,88,4,0,0,0,0,0,0,0,2
956,390000,200000,395000,205000,20,0,0,0,12,11,1,0,0,151617.1614,1,66,7,0,2,0,2,0,0,0,4
957,390000,220000,395000,225000,18,0,1,0,3,1,3,0,2,0,0,65,4,0,0,1,0,2,0,1,1
958,390000,225000,395000,230000,18,1,0,0,1,10,4,59035,1,2280767.495,0,76,1,0,2,0,0,1,0,3,2
959,390000,230000,395000,235000,15,1,1,0,8,12,9,74967,0,1327629.764,0,77,0,0,2,0,0,0,0,2,2
960,390000,235000,395000,240000,5,1,1,0,0,6,2,0,0,4196039.856,0,61,2,0,1,0,0,0,0,1,3
961,390000,255000,395000,260000,2,0,0,0,0,0,1,1827,0,3776583.638,0,52,1,1,0,0,0,2,0,1,1
962,390000,260000,395000,265000,2,0,2,0,3,16,7,66322,0,3334047.538,0,43,6,1,0,0,1,1,0,1,2
963,390000,285000,395000,290000,8,1,0,0,0,0,0,0,0,382763.7511,0,64,0,1,0,0,0,0,0,0,0
964,390000,330000,395000,335000,6,1,0,0,1,0,1,0,0,1354697.218,0,97,13,0,0,0,0,1,1,3,1
965,390000,335000,395000,340000,4,0,0,0,2,0,1,0,0,2145668.296,0,76,16,0,0,0,0,0,2,2,1
966,390000,435000,395000,440000,11,0,0,1,0,8,4,12920,0,0,1,66,10,2,0,1,1,0,0,11,4
967,390000,440000,395000,445000,7,0,0,1,1,0,7,20343,0,0,1,30,0,0,0,0,0,0,0,0,0
968,395000,185000,400000,190000,0,0,0,0,1,7,11,25228,0,0,1,45,2,0,0,0,0,0,0,0,1
969,395000,230000,400000,235000,14,2,0,0,0,10,4,47219,0,423577.1693,0,102,0,0,0,0,0,0,0,0,0
970,395000,235000,400000,240000,5,0,1,0,0,1,0,0,0,745201.3296,0,109,0,0,0,0,0,0,0,0,0
971,395000,240000,400000,245000,5,2,0,0,0,11,2,0,0,2452635.834,0,73,0,0,0,0,0,0,0,0,0
972,395000,245000,400000,250000,12,0,1,0,3,10,5,54191,0,4604140.699,0,70,0,0,0,0,0,0,0,0,0
973,395000,250000,400000,255000,9,1,1,2,0,15,2,0,0,5877556.833,0,74,5,2,0,1,2,4,2,3,4
974,395000,255000,400000,260000,4,0,0,1,3,11,7,6831,0,1783428.251,0,42,1,1,0,0,0,1,0,1,1
975,395000,260000,400000,265000,3,0,0,1,0,10,13,0,0,0,1,34,0,0,0,0,0,0,0,0,0
976,395000,285000,400000,290000,19,0,0,1,1,6,2,5591,1,2123636.48,0,34,0,0,0,0,0,0,0,0,0
977,395000,325000,400000,330000,3,0,0,0,0,0,0,0,0,0,0,69,2,0,0,0,0,0,0,1,1
978,395000,330000,400000,335000,3,1,0,0,0,0,2,0,0,1396384.4,0,113,5,0,0,0,1,2,1,0,0
979,395000,430000,400000,435000,1,0,0,0,0,13,3,10893,0,1456859.172,0,62,9,1,2,0,1,0,5,3,1
980,400000,185000,405000,190000,0,0,0,0,0,0,2,0,0,0,1,7,0,0,0,0,0,0,0,0,0
981,400000,190000,405000,195000,0,0,0,0,4,2,9,0,0,0,1,40,0,0,0,0,0,0,0,0,0
982,400000,210000,405000,215000,0,0,0,3,0,1,4,25408,0,0,0,94,1,0,0,0,1,0,0,1,0
983,400000,225000,405000,230000,4,0,0,1,8,1,5,44752,0,0,0,73,0,0,0,0,0,0,0,0,0
984,400000,230000,405000,235000,7,0,0,0,10,10,7,93426,1,0,0,86,0,0,0,0,0,0,0,0,0
985,400000,285000,405000,290000,22,0,0,0,4,4,3,31179,0,17714801.14,0,55,2,0,1,0,2,0,2,0,0
986,400000,325000,405000,330000,1,0,0,0,0,0,1,1036,0,772261.7919,0,76,12,0,0,0,1,1,0,6,1
987,405000,210000,410000,215000,0,0,0,1,0,2,5,9175,0,1151817.146,1,36,2,1,2,0,1,1,2,1,0
988,405000,215000,410000,220000,0,0,0,0,3,20,13,22790,0,1019092.733,1,51,0,0,0,0,0,0,0,0,0
989,405000,220000,410000,225000,0,0,0,0,11,19,9,25079,1,0,1,68,0,0,0,0,0,0,0,0,0
990,405000,225000,410000,230000,3,0,0,1,0,14,25,23070,1,0,1,45,0,0,0,0,0,0,0,0,0
991,405000,230000,410000,235000,4,0,0,3,6,21,21,0,0,0,0,63,0,0,0,0,0,0,0,0,0
992,405000,235000,410000,240000,0,0,0,0,4,9,2,0,0,40905.381,0,51,4,0,0,1,2,0,0,3,3
993,405000,240000,410000,245000,0,0,2,0,0,2,3,14340,0,283127.3123,0,63,11,0,0,2,2,5,1,7,5
994,405000,245000,410000,250000,0,0,2,0,0,3,2,0,0,2045820.12,1,58,0,0,0,0,0,0,0,0,0
995,405000,250000,410000,255000,0,0,0,1,6,6,7,34806,0,907825.0701,1,26,6,0,0,0,0,2,0,4,3
996,405000,280000,410000,285000,7,0,0,0,9,23,6,69237,0,6844867.553,0,50,7,1,0,0,1,0,1,2,1
997,405000,285000,410000,290000,7,0,0,0,13,18,7,0,0,0,0,36,7,2,2,0,6,0,2,6,4
998,405000,320000,410000,325000,1,0,0,0,0,1,0,0,0,2216207.933,0,75,7,0,0,0,1,0,0,2,2
999,405000,325000,410000,330000,0,0,0,0,0,0,2,6304,0,2809875.244,0,67,16,1,0,0,1,1,0,5,2
1000,410000,250000,415000,255000,0,0,0,1,0,9,3,0,0,773484.3895,0,51,5,0,0,0,0,3,0,3,4
1001,410000,320000,415000,325000,1,0,0,0,4,5,4,25076,0,632942.7931,1,59,21,0,0,1,1,1,1,5,2
1002,415000,250000,420000,255000,0,0,0,1,0,4,1,0,0,1406063.677,0,82,2,0,0,0,1,1,0,1,1
1003,415000,255000,420000,260000,4,0,0,0,3,16,2,8749,0,1134106.573,0,75,2,0,0,0,0,1,0,1,0
1004,415000,260000,420000,265000,4,0,0,1,0,10,0,0,0,656277.4422,0,88,1,0,0,0,0,0,1,1,1
1005,415000,265000,420000,270000,1,0,0,0,0,6,0,0,0,22446.54845,0,113,0,0,0,0,0,0,0,1,0
1006,415000,270000,420000,275000,3,0,0,0,6,9,2,0,0,0,0,57,0,0,0,0,0,0,0,0,0
1007,420000,255000,425000,260000,3,0,0,0,1,2,2,8131,0,2044083.878,0,40,2,0,1,0,0,1,0,1,1
